s_m,x_m,y_m,psi_rad,kappa_radpm,vx_mps,ax_mps2
0.0000000,-13.3100469,-41.1876510,-2.1105789,0.000089,14.0000,0.0000
0.2499002,-13.0956759,-41.3160846,-2.1105560,0.000094,14.0000,0.0000
0.4998004,-12.8813019,-41.4445132,-2.1105320,0.000098,14.0000,0.0000
0.7497005,-12.6669249,-41.5729366,-2.1105069,0.000103,14.0000,0.0000
0.9996007,-12.4525444,-41.7013544,-2.1104807,0.000107,14.0000,0.0000
1.2495009,-12.2381606,-41.8297665,-2.1104535,0.000111,14.0000,0.0000
1.4994011,-12.0237732,-41.9581727,-2.1104251,0.000116,14.0000,0.0000
1.7493013,-11.8093821,-42.0865726,-2.1103955,0.000120,14.0000,0.0000
1.9992015,-11.5949871,-42.2149661,-2.1103649,0.000125,14.0000,0.0000
2.2491016,-11.3805881,-42.3433530,-2.1103332,0.000129,14.0000,0.0000
2.4990018,-11.1661850,-42.4717329,-2.1103004,0.000134,14.0000,0.0000
2.7489020,-10.9517776,-42.6001056,-2.1102665,0.000138,14.0000,0.0000
2.9988022,-10.7373657,-42.7284710,-2.1102314,0.000142,14.0000,0.0000
3.2487024,-10.5229493,-42.8568287,-2.1101953,0.000147,14.0000,0.0000
3.4986025,-10.3085282,-42.9851785,-2.1101580,0.000151,14.0000,0.0000
3.7485027,-10.0941022,-43.1135203,-2.1101197,0.000156,14.0000,0.0000
3.9984029,-9.8796713,-43.2418537,-2.1100802,0.000160,14.0000,0.0000
4.2483031,-9.6652352,-43.3701785,-2.1100396,0.000164,14.0000,0.0000
4.4982033,-9.4507938,-43.4984945,-2.1099980,0.000169,14.0000,0.0000
4.7481034,-9.2363470,-43.6268014,-2.1099552,0.000173,14.0000,0.0000
4.9980036,-9.0218946,-43.7550991,-2.1099113,0.000178,14.0000,0.0000
5.2479038,-8.8074366,-43.8833872,-2.1098663,0.000182,14.0000,0.0000
5.4978040,-8.5929727,-44.0116656,-2.1098202,0.000187,14.0000,0.0000
5.7477042,-8.3785028,-44.1399339,-2.1097730,0.000191,14.0000,0.0000
5.9976044,-8.1640268,-44.2681921,-2.1097247,0.000196,14.0000,0.0000
6.2475045,-7.9495445,-44.3964397,-2.1096753,0.000200,14.0000,0.0000
6.4974047,-7.7350559,-44.5246766,-2.1096248,0.000204,14.0000,0.0000
6.7473049,-7.5205606,-44.6529026,-2.1095732,0.000209,14.0000,0.0000
6.9972051,-7.3060587,-44.7811174,-2.1095205,0.000213,14.0000,0.0000
7.2471053,-7.0915500,-44.9093207,-2.1094666,0.000218,14.0000,0.0000
7.4970054,-6.8770343,-45.0375124,-2.1094117,0.000222,14.0000,0.0000
7.7469056,-6.6625114,-45.1656922,-2.1093557,0.000227,14.0000,0.0000
7.9968058,-6.4479813,-45.2938598,-2.1092985,0.000231,14.0000,0.0000
8.2467060,-6.2334439,-45.4220151,-2.1092403,0.000235,14.0000,0.0000
8.4966062,-6.0188988,-45.5501577,-2.1091809,0.000240,14.0000,0.0000
8.7465064,-5.8043461,-45.6782875,-2.1091204,0.000244,14.0000,0.0000
8.9964065,-5.5897856,-45.8064042,-2.1090589,0.000249,14.0000,0.0000
9.2463067,-5.3752172,-45.9345076,-2.1089962,0.000253,14.0000,0.0000
9.4962069,-5.1606406,-46.0625974,-2.1089324,0.000258,14.0000,0.0000
9.7461071,-4.9460558,-46.1906734,-2.1088675,0.000262,14.0000,0.0000
9.9960073,-4.7314626,-46.3187353,-2.1088015,0.000266,14.0000,0.0000
10.2459074,-4.5168609,-46.4467830,-2.1087344,0.000271,14.0000,0.0000
10.4958076,-4.3022505,-46.5748161,-2.1086662,0.000275,14.0000,0.0000
10.7457078,-4.0876313,-46.7028345,-2.1085969,0.000280,14.0000,0.0000
10.9956080,-3.8730032,-46.8308379,-2.1085264,0.000284,14.0000,0.0000
11.2455082,-3.6583660,-46.9588261,-2.1084549,0.000289,14.0000,0.0000
11.4954083,-3.4437196,-47.0867988,-2.1083823,0.000293,14.0000,0.0000
11.7453085,-3.2290637,-47.2147557,-2.1083085,0.000297,14.0000,0.0000
11.9952087,-3.0143984,-47.3426967,-2.1082336,0.000302,14.0000,0.0000
12.2451089,-2.7997235,-47.4706216,-2.1081577,0.000306,14.0000,0.0000
12.4950091,-2.5850387,-47.5985300,-2.1080806,0.000311,14.0000,0.0000
12.7449093,-2.3703440,-47.7264217,-2.1080024,0.000315,14.0000,0.0000
12.9948094,-2.1556393,-47.8542965,-2.1079231,0.000320,14.0000,0.0000
13.2447096,-1.9409243,-47.9821542,-2.1078427,0.000324,14.0000,0.0000
13.4946098,-1.7261990,-48.1099945,-2.1077612,0.000328,14.0000,0.0000
13.7445100,-1.5114632,-48.2378172,-2.1076785,0.000333,14.0000,0.0000
13.9944102,-1.2967168,-48.3656220,-2.1075948,0.000337,14.0000,0.0000
14.2443103,-1.0819596,-48.4934087,-2.1075099,0.000342,14.0000,0.0000
14.4942105,-0.8671915,-48.6211771,-2.1074240,0.000346,14.0000,0.0000
14.7441107,-0.6524123,-48.7489269,-2.1073369,0.000351,14.0000,0.0000
14.9940109,-0.4376219,-48.8766578,-2.1072487,0.000355,14.0000,0.0000
15.2439111,-0.2228202,-49.0043697,-2.1071594,0.000360,14.0000,0.0000
15.4938113,-0.0080070,-49.1320623,-2.1070690,0.000364,14.0000,0.0000
15.7437114,0.2068178,-49.2597354,-2.1069775,0.000369,14.0000,0.0000
15.9936116,0.4216543,-49.3873886,-2.1068848,0.000373,14.0000,0.0000
16.2435118,0.6365028,-49.5150219,-2.1067910,0.000377,14.0000,0.0000
16.4934120,0.8513632,-49.6426348,-2.1066962,0.000382,14.0000,0.0000
16.7433122,1.0662359,-49.7702273,-2.1066002,0.000386,14.0000,0.0000
16.9932123,1.2811209,-49.8977990,-2.1065031,0.000391,14.0000,0.0000
17.2431125,1.4960183,-50.0253498,-2.1064049,0.000395,14.0000,0.0000
17.4930127,1.7109284,-50.1528793,-2.1063055,0.000400,14.0000,0.0000
17.7429129,1.9258511,-50.2803873,-2.1062051,0.000404,14.0000,0.0000
17.9928131,2.1407868,-50.4078737,-2.1061035,0.000412,14.0000,0.0000
18.2427132,2.3557359,-50.5353373,-2.1059915,0.000484,14.0000,0.0000
18.4926134,2.5707004,-50.6627750,-2.1058614,0.000576,14.0000,0.0000
18.7425136,2.7856852,-50.7901784,-2.1056546,0.001079,14.0000,0.0000
18.9924138,3.0007044,-50.9175238,-2.1053222,0.001606,14.0000,-2.4765
19.2423140,3.2157770,-51.0447787,-2.1047907,0.002648,13.9557,-2.5970
19.4922142,3.4309340,-51.1718914,-2.1039991,0.003661,13.9091,-2.5695
19.7421143,3.6462045,-51.2988116,-2.1030264,0.004124,13.8629,-2.5437
19.9920145,3.8616056,-51.4255099,-2.1019381,0.004565,13.8170,-2.5422
20.2419147,4.0771499,-51.5519662,-2.1007947,0.004586,13.7709,-2.5409
20.4918149,4.2928376,-51.6781746,-2.0996460,0.004604,13.7247,-2.5409
20.7417151,4.5086723,-51.8041366,-2.0985014,0.004556,13.6784,-2.5433
20.9916152,4.7246470,-51.9298508,-2.0973687,0.004509,13.6318,-2.5457
21.2415154,4.9407670,-52.0553238,-2.0962478,0.004462,13.5851,-2.5480
21.4914156,5.1570225,-52.1805533,-2.0951387,0.004419,13.5381,-2.5476
21.7413158,5.3734196,-52.3055450,-2.0940297,0.004456,13.4910,-2.5442
21.9912160,5.5899535,-52.4302944,-2.0929114,0.004513,13.4438,-2.5226
22.2411162,5.8066292,-52.5547966,-2.0917344,0.004907,13.3968,-2.5006
22.4910163,6.0234603,-52.6790346,-2.0904588,0.005313,13.3501,-2.4680
22.7409165,6.2404504,-52.8029792,-2.0890547,0.005924,13.3038,-2.4344
22.9908167,6.4576341,-52.9266083,-2.0874977,0.006564,13.2580,-2.3765
23.2407169,6.6750088,-53.0498695,-2.0857189,0.007673,13.2132,-2.3190
23.4906171,6.8926366,-53.1727233,-2.0836627,0.008789,13.1692,-2.2563
23.7405172,7.1105150,-53.2950871,-2.0813125,0.010021,13.1263,-2.1945
23.9904174,7.3287206,-53.4169168,-2.0786542,0.011250,13.0845,-2.1358
24.2403176,7.5472450,-53.5381204,-2.0756953,0.012432,13.0436,-2.0783
24.4902178,7.7661686,-53.6586576,-2.0724407,0.013605,13.0038,-2.0288
24.7401180,7.9854753,-53.7784375,-2.0689129,0.014631,12.9647,-1.9802
24.9900181,8.2052444,-53.8974287,-2.0651282,0.015652,12.9265,-1.9360
25.2399183,8.4254497,-54.0155455,-2.0610989,0.016597,12.8890,-1.8922
25.4898185,8.6461714,-54.1327629,-2.0568330,0.017540,12.8523,-1.8497
25.7397187,8.8673753,-54.2489964,-2.0523340,0.018468,12.8163,-1.8077
25.9896189,9.0891438,-54.3642237,-2.0476026,0.019395,12.7810,-1.7666
26.2395191,9.3114367,-54.4783586,-2.0426417,0.020311,12.7464,-1.7259
26.4894192,9.5343383,-54.5913802,-2.0374511,0.021227,12.7125,-1.6853
26.7393194,9.7578034,-54.7032012,-2.0320315,0.022150,12.6793,-1.6452
26.9892196,9.9819177,-54.8138001,-2.0263805,0.023069,12.6469,-1.6090
27.2391198,10.2066307,-54.9230889,-2.0205106,0.023913,12.6150,-1.5733
27.4890200,10.4320287,-55.0310501,-2.0144287,0.024755,12.5838,-1.5401
27.7389201,10.6580529,-55.1375978,-2.0081438,0.025549,12.5532,-1.5071
27.9888203,10.8847911,-55.2427180,-2.0016593,0.026344,12.5232,-1.4741
28.2387205,11.1121774,-55.3463253,-1.9949764,0.027145,12.4937,-1.4413
28.4886207,11.3403012,-55.4484057,-1.9880920,0.027947,12.4648,-1.4090
28.7385209,11.5690917,-55.5488726,-1.9810091,0.028744,12.4366,-1.3768
28.9884211,11.7986391,-55.6477112,-1.9737256,0.029542,12.4089,-1.3449
29.2383212,12.0288685,-55.7448349,-1.9662441,0.030339,12.3817,-1.3132
29.4882214,12.2598694,-55.8402276,-1.9585619,0.031137,12.3552,-1.2816
29.7381216,12.4915636,-55.9338030,-1.9506818,0.031935,12.3293,-1.2502
29.9880218,12.7240393,-56.0255430,-1.9426006,0.032735,12.3039,-1.2188
30.2379220,12.9572156,-56.1153620,-1.9343208,0.033536,12.2791,-1.1875
30.4878221,13.1911784,-56.2032395,-1.9258392,0.034339,12.2549,-1.1563
30.7377223,13.4258452,-56.2890908,-1.9171580,0.035145,12.2313,-1.1250
30.9876225,13.6612979,-56.3728924,-1.9082735,0.035954,12.2083,-1.0936
31.2375227,13.8974539,-56.4545612,-1.8991879,0.036767,12.1859,-1.0623
31.4874229,14.1343889,-56.5340698,-1.8898970,0.037584,12.1641,-1.0307
31.7373230,14.3720234,-56.6113374,-1.8804025,0.038408,12.1429,-0.9990
31.9872232,14.6104233,-56.6863316,-1.8707003,0.039236,12.1223,-0.9670
32.2371234,14.8495149,-56.7589748,-1.8607913,0.040074,12.1024,-0.9348
32.4870236,15.0893516,-56.8292287,-1.8506708,0.040917,12.0831,-0.9022
32.7369238,15.3298673,-56.8970189,-1.8403397,0.041770,12.0644,-0.8694
32.9868240,15.5711015,-56.9623013,-1.8297935,0.042630,12.0464,-0.8358
33.2367241,15.8129973,-57.0250048,-1.8190310,0.043509,12.0290,-0.8018
33.4866243,16.0555770,-57.0850784,-1.8080469,0.044397,12.0124,-0.7670
33.7365245,16.2987940,-57.1424536,-1.7968392,0.045303,11.9964,-0.7320
33.9864247,16.5426568,-57.1970742,-1.7854039,0.046214,11.9811,-0.7042
34.2363249,16.7871232,-57.2488741,-1.7737607,0.046962,11.9664,-0.6763
34.4862250,17.0321900,-57.2978033,-1.7619318,0.047706,11.9523,-0.6500
34.7361252,17.2778177,-57.3438069,-1.7499212,0.048416,11.9387,-0.6233
34.9860254,17.5239850,-57.3868354,-1.7377326,0.049133,11.9257,-0.5962
35.2359256,17.7706665,-57.4268388,-1.7253634,0.049859,11.9131,-0.5685
35.4858258,18.0178176,-57.4637641,-1.7128117,0.050598,11.9012,-0.5401
35.7357260,18.2654310,-57.4975633,-1.7000728,0.051352,11.8899,-0.5110
35.9856261,18.5134374,-57.5281797,-1.6871447,0.052121,11.8791,-0.4815
36.2355263,18.7618475,-57.5555661,-1.6740223,0.052895,11.8690,-0.4513
36.4854265,19.0105665,-57.5796634,-1.6607064,0.053685,11.8595,-0.4217
36.7353267,19.2596231,-57.6004252,-1.6471926,0.054458,11.8506,-0.3913
36.9852269,19.5088971,-57.6177926,-1.6334868,0.055244,11.8423,-0.3621
37.2351270,19.7584355,-57.6317201,-1.6195847,0.056001,11.8347,-0.3322
37.4850272,20.0080902,-57.6421517,-1.6054956,0.056772,11.8277,-0.3062
37.7349274,20.2579290,-57.6490429,-1.5912205,0.057445,11.8212,-0.2800
37.9848276,20.5077729,-57.6523459,-1.5767828,0.058121,11.8153,-0.2621
38.2347278,20.7577136,-57.6520212,-1.5621928,0.058596,11.8097,-0.2448
38.4846279,21.0075406,-57.6480379,-1.5474949,0.059056,11.8046,-0.2338
38.7345281,21.2573709,-57.6403665,-1.5326925,0.059363,11.7996,-0.2231
38.9844283,21.5069636,-57.6289942,-1.5178237,0.059661,11.7949,-0.2231
39.2343285,21.7564665,-57.6139022,-1.5029690,0.059051,11.7902,-0.1954
39.4842287,22.0056032,-57.5951387,-1.4883108,0.058292,11.7860,-0.1618
39.7341289,22.2545792,-57.5727456,-1.4739793,0.056142,11.7826,-0.0703
39.9840290,22.5030607,-57.5468778,-1.4602530,0.053750,11.7811,0.0304
40.2339292,22.7513038,-57.5176509,-1.4469951,0.052507,11.7817,0.0821
40.4838294,22.9990139,-57.4851864,-1.4340112,0.051425,11.7835,0.1266
40.7337296,23.2463931,-57.4495112,-1.4210855,0.052321,11.7862,0.0880
40.9836298,23.4932004,-57.4106179,-1.4078523,0.053611,11.7880,0.0333
41.2335299,23.7395520,-57.3684145,-1.3944010,0.053867,11.7887,0.0222
41.4834301,23.9852268,-57.3229149,-1.3809338,0.053931,11.7892,0.0194
41.7333303,24.2303401,-57.2740938,-1.3674465,0.053999,11.7896,0.0164
41.9832305,24.4747097,-57.2219830,-1.3539451,0.054070,11.7900,0.0132
42.2331307,24.7184186,-57.1665630,-1.3404608,0.053790,11.7902,0.0248
42.4830309,24.9612967,-57.1078875,-1.3270606,0.053471,11.7908,0.0380
42.7329310,25.2034349,-57.0459558,-1.3137454,0.053067,11.7916,0.0546
42.9828312,25.4446627,-56.9808368,-1.3005375,0.052655,11.7927,0.0714
43.2327314,25.6850804,-56.9125309,-1.2874377,0.052164,11.7942,0.0913
43.4826316,25.9245203,-56.8411167,-1.2744655,0.051672,11.7962,0.1111
43.7325318,26.1630868,-56.7665957,-1.2616163,0.051145,11.7985,0.1323
43.9824319,26.4006113,-56.6890546,-1.2489029,0.050620,11.8013,0.1532
44.2323321,26.6372065,-56.6084912,-1.2363188,0.050077,11.8046,0.1747
44.4822323,26.8727040,-56.5249986,-1.2238739,0.049539,11.8083,0.1958
44.7321325,27.1072219,-56.4385707,-1.2115612,0.048987,11.8124,0.2174
44.9820327,27.3405913,-56.3493062,-1.1993896,0.048441,11.8170,0.2386
45.2319329,27.5729362,-56.2571941,-1.1873484,0.047913,11.8221,0.2589
45.4818330,27.8040881,-56.1623369,-1.1754422,0.047390,11.8275,0.2788
45.7317332,28.0341738,-56.0647180,-1.1636660,0.046843,11.8334,0.2997
45.9816334,28.2630293,-55.9644439,-1.1520295,0.046301,11.8397,0.3202
46.2315336,28.4907810,-55.8614966,-1.1405302,0.045717,11.8465,0.3424
46.4814338,28.7172724,-55.7559864,-1.1291794,0.045143,11.8537,0.3641
46.7313339,28.9426236,-55.6478960,-1.1179580,0.044652,11.8614,0.3821
46.9812341,29.1666939,-55.5373278,-1.1068619,0.044165,11.8694,0.3999
47.2311343,29.3895848,-55.4242653,-1.0958803,0.043714,11.8779,0.4161
47.4810345,29.6111786,-55.3088001,-1.0850135,0.043265,11.8866,0.4321
47.7309347,29.8315560,-55.1909218,-1.0742567,0.042817,11.8957,0.4481
47.9808348,30.0506182,-55.0707150,-1.0636134,0.042377,11.9051,0.4636
48.2307350,30.2684320,-54.9481740,-1.0530720,0.041981,11.9148,0.4772
48.4806352,30.4849149,-54.8233739,-1.0426312,0.041590,11.9248,0.4905
48.7305354,30.7001177,-54.6963133,-1.0322818,0.041233,11.9351,0.5024
48.9804356,30.9139753,-54.5670569,-1.0220225,0.040883,11.9456,0.5139
49.2303358,31.1265220,-54.4356093,-1.0118456,0.040562,11.9564,0.5242
49.4802359,31.3377078,-54.3020251,-1.0017495,0.040248,11.9673,0.5341
49.7301361,31.5475538,-54.1663141,-0.9917273,0.039961,11.9785,0.5429
49.9800363,31.7560224,-54.0285221,-0.9817769,0.039683,11.9898,0.5512
50.2299365,31.9631233,-53.8886633,-0.9718913,0.039433,12.0013,0.5583
50.4798367,32.1688293,-53.7467752,-0.9620683,0.039188,12.0129,0.5652
50.7297368,32.3731407,-53.6028759,-0.9523039,0.038958,12.0246,0.5714
50.9796370,32.5760387,-53.4569964,-0.9425968,0.038739,12.0365,0.5772
51.2295372,32.7775169,-53.3091580,-0.9329401,0.038546,12.0485,0.5818
51.4794374,32.9775601,-53.1593869,-0.9233312,0.038358,12.0606,0.5862
51.7293376,33.1761584,-53.0077053,-0.9137686,0.038174,12.0727,0.5904
51.9792378,33.3733022,-52.8541348,-0.9042520,0.037990,12.0849,0.5946
52.2291379,33.5689778,-52.6987007,-0.8947808,0.037811,12.0972,0.5986
52.4790381,33.7631801,-52.5414213,-0.8853526,0.037661,12.1096,0.6014
52.7289383,33.9558907,-52.3823233,-0.8759539,0.037560,12.1220,0.6019
52.9788385,34.1471029,-52.2214207,-0.8665856,0.037341,12.1344,0.6078
53.2287387,34.3368038,-52.0587431,-0.8573040,0.036942,12.1469,0.6216
53.4786388,34.5249977,-51.8943190,-0.8481300,0.036384,12.1597,0.6425
53.7285390,34.7116878,-51.7281924,-0.8391344,0.035611,12.1728,0.6729
53.9784392,34.8968890,-51.5604136,-0.8303280,0.034895,12.1867,0.7008
54.2283394,35.0806201,-51.3910260,-0.8216905,0.034232,12.2010,0.7263
54.4782396,35.2628887,-51.2200788,-0.8132095,0.033728,12.2159,0.7446
54.7281397,35.4437151,-51.0475959,-0.8048232,0.033388,12.2311,0.7556
54.9780399,35.6230929,-50.8736134,-0.7965194,0.033099,12.2465,0.7643
55.2279401,35.8010307,-50.6981478,-0.7882774,0.032864,12.2621,0.7705
55.4778403,35.9775189,-50.5212294,-0.7800941,0.032629,12.2778,0.7767
55.7277405,36.1525620,-50.3428744,-0.7719693,0.032395,12.2936,0.7829
55.9776407,36.3261507,-50.1631131,-0.7639023,0.032173,12.3095,0.7886
56.2275408,36.4982943,-49.9819559,-0.7558889,0.031959,12.3255,0.7939
56.4774410,36.6689787,-49.7994370,-0.7479287,0.031753,12.3416,0.7990
56.7273412,36.8382178,-49.6155604,-0.7400187,0.031551,12.3578,0.8038
56.9772414,37.0059924,-49.4303655,-0.7321587,0.031360,12.3740,0.8081
57.2271416,37.1723214,-49.2438493,-0.7243448,0.031175,12.3903,0.8122
57.4770417,37.3371800,-49.0560570,-0.7165769,0.030999,12.4067,0.8159
57.7269419,37.5005928,-48.8669771,-0.7088512,0.030829,12.4231,0.8194
57.9768421,37.6625287,-48.6766619,-0.7011678,0.030669,12.4396,0.8223
58.2267423,37.8230182,-48.4850909,-0.6935224,0.030515,12.4561,0.8251
58.4766425,37.9820238,-48.2923239,-0.6859157,0.030370,12.4726,0.8274
58.7265427,38.1395818,-48.0983310,-0.6783431,0.030231,12.4892,0.8295
58.9764428,38.2956484,-47.9031800,-0.6708055,0.030101,12.5058,0.8312
59.2263430,38.4502654,-47.7068316,-0.6632983,0.029976,12.5224,0.8327
59.4762432,38.6033832,-47.5093615,-0.6558227,0.029860,12.5390,0.8337
59.7261434,38.7550486,-47.3107209,-0.6483739,0.029749,12.5556,0.8346
59.9760436,38.9052065,-47.1109937,-0.6409534,0.029646,12.5722,0.8351
60.2259437,39.0539084,-46.9101219,-0.6335565,0.029547,12.5888,0.8354
60.4758439,39.2010943,-46.7081969,-0.6261849,0.029457,12.6054,0.8353
60.7257441,39.3468194,-46.5051526,-0.6188338,0.029370,12.6219,0.8352
60.9756443,39.4910201,-46.3010872,-0.6115052,0.029290,12.6384,0.8346
61.2255445,39.6337542,-46.0959271,-0.6041943,0.029214,12.6549,0.8340
61.4754446,39.7749552,-45.8897764,-0.5969035,0.029144,12.6714,0.8330
61.7253448,39.9146831,-45.6825553,-0.5896281,0.029076,12.6878,0.8320
61.9752450,40.0528694,-45.4743730,-0.5823706,0.029015,12.7042,0.8306
62.2251452,40.1895749,-45.2651445,-0.5751263,0.028956,12.7205,0.8292
62.4750454,40.3247305,-45.0549827,-0.5678980,0.028901,12.7368,0.8276
62.7249456,40.4583971,-44.8437991,-0.5606815,0.028848,12.7530,0.8259
62.9748457,40.5905056,-44.6317088,-0.5534794,0.028799,12.7692,0.8241
63.2247459,40.7211161,-44.4186215,-0.5462876,0.028752,12.7853,0.8222
63.4746461,40.8501609,-44.2046531,-0.5391093,0.028704,12.8014,0.8203
63.7245463,40.9776984,-43.9897127,-0.5319410,0.028658,12.8174,0.8184
63.9744465,41.1036631,-43.7739159,-0.5247854,0.028617,12.8333,0.8163
64.2243466,41.2281107,-43.5571728,-0.5176382,0.028577,12.8492,0.8141
64.4742468,41.3509788,-43.3395972,-0.5105041,0.028523,12.8650,0.8126
64.7241470,41.4723207,-43.1211011,-0.5033820,0.028470,12.8808,0.8111
64.9740472,41.5920781,-42.9017963,-0.4962722,0.028439,12.8965,0.8086
65.2239474,41.7102997,-42.6815979,-0.4891679,0.028412,12.9122,0.8058
65.4738476,41.8269306,-42.4606125,-0.4820788,0.028326,12.9278,0.8060
65.7237477,41.9420178,-42.2387620,-0.4750104,0.028238,12.9434,0.8064
65.9736479,42.0555134,-42.0161496,-0.4679607,0.028189,12.9589,0.8048
66.2235481,42.1674603,-41.7926987,-0.4609214,0.028143,12.9744,0.8031
66.4734483,42.2778127,-41.5685076,-0.4538977,0.028074,12.9899,0.8025
66.7233485,42.3866082,-41.3435093,-0.4468897,0.028009,13.0053,0.8018
66.9732486,42.4938142,-41.1177915,-0.4399589,0.027448,13.0207,0.8264
67.2231488,42.5994835,-40.8913134,-0.4331710,0.026873,13.0366,0.8518
67.4730490,42.7036173,-40.6641638,-0.4265600,0.026032,13.0529,0.8908
67.7229492,42.8062861,-40.4363083,-0.4201602,0.025183,13.0699,0.9303
67.9728494,42.9075049,-40.2078477,-0.4139971,0.024141,13.0877,0.9798
68.2227495,43.0073603,-39.9787423,-0.4080945,0.023096,13.1064,1.0295
68.4726497,43.1058717,-39.7491136,-0.4024649,0.021963,13.1260,1.0839
68.7225499,43.2031462,-39.5188885,-0.3971180,0.020823,13.1466,1.1388
68.9724501,43.2991957,-39.2882356,-0.3921200,0.019177,13.1683,1.2203
69.2223503,43.3941747,-39.0570374,-0.3875332,0.017525,13.1914,1.3023
69.4722505,43.4880924,-38.8255261,-0.3832819,0.016515,13.2160,1.3510
69.7221506,43.5811014,-38.5935107,-0.3792795,0.015508,13.2416,1.3998
69.9720508,43.6731325,-38.3612570,-0.3751895,0.017266,13.2680,1.3022
70.2219510,43.7642167,-38.1284654,-0.3706503,0.019050,13.2925,1.2028
70.4718512,43.8541465,-37.8953684,-0.3657068,0.020521,13.3150,1.1198
70.7217514,43.9429201,-37.6617068,-0.3603930,0.021998,13.3361,1.0363
70.9716515,44.0303808,-37.4276449,-0.3547615,0.023072,13.3555,0.9744
71.2215517,44.1165121,-37.1930237,-0.3488616,0.024141,13.3737,0.9126
71.4714519,44.2012120,-36.9579340,-0.3427236,0.024982,13.3907,0.8632
71.7213521,44.2844542,-36.7222869,-0.3363750,0.025825,13.4068,0.8136
71.9712523,44.3661683,-36.4861294,-0.3298385,0.026485,13.4220,0.7740
72.2211525,44.4463207,-36.2494268,-0.3231376,0.027143,13.4364,0.7344
72.4710526,44.5248680,-36.0121959,-0.3163375,0.027259,13.4500,0.7245
72.7209528,44.6017994,-35.7744291,-0.3095135,0.027354,13.4635,0.7158
72.9708530,44.6771047,-35.5361526,-0.3027164,0.027028,13.4768,0.7301
73.2207532,44.7508026,-35.2973606,-0.2960050,0.026684,13.4903,0.7454
73.4706534,44.8229025,-35.0580941,-0.2893734,0.026394,13.5041,0.7577
73.7205535,44.8934261,-34.8183456,-0.2828129,0.026110,13.5181,0.7698
73.9704537,44.9623810,-34.5781518,-0.2763230,0.025831,13.5323,0.7815
74.2203539,45.0297862,-34.3375099,-0.2699026,0.025553,13.5468,0.7932
74.4702541,45.0956518,-34.0964492,-0.2635540,0.025255,13.5614,0.8061
74.7201543,45.1599961,-33.8549722,-0.2572802,0.024956,13.5762,0.8189
74.9700544,45.2228320,-33.6131026,-0.2510786,0.024678,13.5913,0.8306
75.2199546,45.2841758,-33.3708474,-0.2449458,0.024404,13.6066,0.8422
75.4698548,45.3440407,-33.1282241,-0.2388822,0.024125,13.6220,0.8540
75.7197550,45.4024419,-32.8852439,-0.2328881,0.023847,13.6377,0.8658
75.9696552,45.4593941,-32.6419193,-0.2269627,0.023576,13.6535,0.8772
76.2195554,45.5149114,-32.3982651,-0.2211049,0.023306,13.6696,0.8886
76.4694555,45.5690093,-32.1542889,-0.2153139,0.023040,13.6858,0.8998
76.7193557,45.6217007,-31.9100090,-0.2095892,0.022776,13.7022,0.9109
76.9692559,45.6730018,-31.6654286,-0.2039302,0.022514,13.7188,0.9218
77.2191561,45.7229249,-31.4205688,-0.1983364,0.022254,13.7356,0.9327
77.4690563,45.7714867,-31.1754288,-0.1928068,0.022000,13.7526,0.9434
77.7189564,45.8186987,-30.9300328,-0.1873406,0.021747,13.7697,0.9539
77.9688566,45.8645778,-30.6843758,-0.1819372,0.021496,13.7870,0.9644
78.2187568,45.9091349,-30.4384846,-0.1765967,0.021246,13.8045,0.9749
78.4686570,45.9523876,-30.1923509,-0.1713180,0.020999,13.8221,0.9852
78.7185572,45.9943463,-29.9460036,-0.1661011,0.020754,13.8399,0.9954
78.9684574,46.0350284,-29.6994319,-0.1609443,0.020518,13.8579,1.0052
79.2183575,46.0744440,-29.4526653,-0.1558462,0.020284,13.8760,1.0148
79.4682577,46.1126101,-29.2056930,-0.1508118,0.019999,13.8943,1.0275
79.7181579,46.1495401,-28.9585413,-0.1458509,0.019705,13.9127,1.0407
79.9680581,46.1852541,-28.7112031,-0.1409675,0.019372,13.9314,1.0562
80.2179583,46.2197694,-28.4637017,-0.1361688,0.019033,13.9503,1.0722
80.4678584,46.2531079,-28.2160312,-0.1314533,0.018708,13.9695,1.0874
80.7177586,46.2852872,-27.9682157,-0.1268184,0.018386,13.9890,0.6176
80.9676588,46.3163286,-27.7202464,-0.1222639,0.018064,14.0000,0.0000
81.2175590,46.3462491,-27.4721485,-0.1177900,0.017742,14.0000,0.0000
81.4674592,46.3750705,-27.2239111,-0.1133964,0.017421,14.0000,0.0000
81.7173593,46.4028099,-26.9755602,-0.1090831,0.017100,14.0000,0.0000
81.9672595,46.4294887,-26.7270830,-0.1048496,0.016781,14.0000,0.0000
82.2171597,46.4551243,-26.4785064,-0.1006961,0.016461,14.0000,0.0000
82.4670599,46.4797381,-26.2298159,-0.0966222,0.016142,14.0000,0.0000
82.7169601,46.5033475,-25.9810390,-0.0926281,0.015824,14.0000,0.0000
82.9668603,46.5259740,-25.7321596,-0.0887135,0.015505,14.0000,0.0000
83.2167604,46.5476350,-25.4832057,-0.0848786,0.015187,14.0000,0.0000
83.4666606,46.5683520,-25.2341598,-0.0811231,0.014868,14.0000,0.0000
83.7165608,46.5881425,-24.9850504,-0.0774473,0.014550,14.0000,0.0000
83.9664610,46.6070280,-24.7358588,-0.0738509,0.014232,14.0000,0.0000
84.2163612,46.6250262,-24.4866137,-0.0703343,0.013913,14.0000,0.0000
84.4662613,46.6421587,-24.2372953,-0.0668973,0.013594,14.0000,0.0000
84.7161615,46.6584432,-23.9879325,-0.0635402,0.013274,14.0000,0.0000
84.9660617,46.6739013,-23.7385045,-0.0602628,0.012954,14.0000,0.0000
85.2159619,46.6885510,-23.4890404,-0.0570656,0.012634,14.0000,0.0000
85.4658621,46.7024138,-23.2395186,-0.0539484,0.012313,14.0000,0.0000
85.7157623,46.7155080,-22.9899682,-0.0509115,0.011992,14.0000,0.0000
85.9656624,46.7278550,-22.7403667,-0.0479550,0.011669,14.0000,0.0000
86.2155626,46.7394735,-22.4907433,-0.0450795,0.011345,14.0000,0.0000
86.4654628,46.7503849,-22.2410749,-0.0422850,0.011020,14.0000,0.0000
86.7153630,46.7606081,-21.9913905,-0.0395719,0.010694,14.0000,0.0000
86.9652632,46.7701645,-21.7416668,-0.0369413,0.010356,14.0000,0.0000
87.2151633,46.7790743,-21.4919319,-0.0343962,0.010013,14.0000,0.0000
87.4650635,46.7873598,-21.2421632,-0.0319418,0.009618,14.0000,0.0000
87.7149637,46.7950446,-20.9923874,-0.0295895,0.009208,14.0000,0.0000
87.9648639,46.8021552,-20.7425822,-0.0273437,0.008757,14.0000,0.0000
88.2147641,46.8087189,-20.4927744,-0.0252132,0.008294,14.0000,0.0000
88.4646642,46.8147651,-20.2429405,-0.0231982,0.007832,14.0000,0.0000
88.7145644,46.8203220,-19.9931087,-0.0212989,0.007369,14.0000,0.0000
88.9644646,46.8254191,-19.7432535,-0.0195154,0.006903,14.0000,0.0000
89.2143648,46.8300849,-19.4934037,-0.0178488,0.006436,14.0000,0.0000
89.4642650,46.8343492,-19.2435329,-0.0162988,0.005968,14.0000,0.0000
89.7141652,46.8382405,-18.9936700,-0.0148661,0.005499,14.0000,0.0000
89.9640653,46.8417887,-18.7437882,-0.0135505,0.005029,14.0000,0.0000
90.2139655,46.8450227,-18.4939158,-0.0123528,0.004557,14.0000,0.0000
90.4638657,46.8479722,-18.2440267,-0.0112727,0.004087,14.0000,0.0000
90.7137659,46.8506665,-17.9941477,-0.0103102,0.003616,14.0000,0.0000
90.9636661,46.8531345,-17.7442541,-0.0094578,0.003224,14.0000,0.0000
91.2135662,46.8554011,-17.4943703,-0.0086982,0.002855,14.0000,0.0000
91.4634664,46.8574887,-17.2444747,-0.0080190,0.002609,14.0000,0.0000
91.7133666,46.8594133,-16.9945870,-0.0073933,0.002399,14.0000,0.0000
91.9632668,46.8611875,-16.7446905,-0.0068100,0.002293,14.0000,0.0000
92.2131670,46.8628185,-16.4947993,-0.0062465,0.002217,14.0000,0.0000
92.4630672,46.8643106,-16.2449024,-0.0056942,0.002220,14.0000,0.0000
92.7129673,46.8656639,-15.9950081,-0.0051363,0.002245,14.0000,0.0000
92.9628675,46.8668771,-15.7451105,-0.0045716,0.002276,14.0000,0.0000
93.2127677,46.8679481,-15.4952137,-0.0039989,0.002307,14.0000,0.0000
93.4626679,46.8688751,-15.2453155,-0.0034183,0.002340,14.0000,0.0000
93.7125681,46.8696559,-14.9954168,-0.0028295,0.002372,14.0000,0.0000
93.9624682,46.8702886,-14.7455180,-0.0022326,0.002405,14.0000,0.0000
94.2123684,46.8707711,-14.4956181,-0.0016275,0.002438,14.0000,0.0000
94.4622686,46.8711013,-14.2457188,-0.0010141,0.002471,14.0000,0.0000
94.7121688,46.8712772,-13.9958181,-0.0003925,0.002504,14.0000,0.0000
94.9620690,46.8712968,-13.7459186,0.0002374,0.002537,14.0000,0.0000
95.2119691,46.8711579,-13.4960178,0.0008757,0.002571,14.0000,0.0000
95.4618693,46.8708584,-13.2461183,0.0015222,0.002604,14.0000,0.0000
95.7117695,46.8703964,-12.9962180,0.0021771,0.002637,14.0000,0.0000
95.9616697,46.8697696,-12.7463189,0.0028403,0.002671,14.0000,0.0000
96.2115699,46.8689761,-12.4964196,0.0035118,0.002704,14.0000,0.0000
96.4614701,46.8680137,-12.2465214,0.0041917,0.002737,14.0000,0.0000
96.7113702,46.8668804,-11.9966235,0.0048799,0.002771,14.0000,0.0000
96.9612704,46.8655744,-11.7467267,0.0055711,0.002749,14.0000,0.0000
97.2111706,46.8640967,-11.4968309,0.0062537,0.002713,14.0000,0.0000
97.4610708,46.8624510,-11.2469360,0.0069061,0.002463,14.0000,0.0000
97.7109710,46.8606514,-10.9970424,0.0074832,0.002155,14.0000,0.0000
97.9608711,46.8587177,-10.7471497,0.0079781,0.001795,14.0000,0.0000
98.2107713,46.8566718,-10.4972579,0.0083800,0.001421,14.0000,0.0000
98.4606715,46.8545370,-10.2473668,0.0086910,0.001073,14.0000,0.0000
98.7105717,46.8523352,-9.9974764,0.0089167,0.000733,14.0000,0.0000
98.9604719,46.8500868,-9.7475863,0.0090699,0.000521,14.0000,0.0000
99.2103721,46.8478058,-9.4976965,0.0091778,0.000342,14.0000,0.0000
99.4602722,46.8455027,-9.2478070,0.0092525,0.000280,14.0000,0.0000
99.7101724,46.8431822,-8.9979175,0.0093184,0.000248,14.0000,0.0000
99.9600726,46.8408460,-8.7480283,0.0093785,0.000237,14.0000,0.0000
100.2099728,46.8384950,-8.4981392,0.0094373,0.000233,14.0000,0.0000
100.4598730,46.8361294,-8.2482502,0.0094951,0.000229,14.0000,0.0000
100.7097731,46.8337495,-7.9983613,0.0095518,0.000225,14.0000,0.0000
100.9596733,46.8313556,-7.7484726,0.0096074,0.000220,14.0000,0.0000
101.2095735,46.8289479,-7.4985840,0.0096620,0.000216,14.0000,0.0000
101.4594737,46.8265267,-7.2486956,0.0097155,0.000212,14.0000,0.0000
101.7093739,46.8240922,-6.9988073,0.0097679,0.000208,14.0000,0.0000
101.9592740,46.8216448,-6.7489191,0.0098193,0.000204,14.0000,0.0000
102.2091742,46.8191847,-6.4990310,0.0098696,0.000199,14.0000,0.0000
102.4590744,46.8167122,-6.2491430,0.0099189,0.000195,14.0000,0.0000
102.7089746,46.8142274,-5.9992552,0.0099671,0.000191,14.0000,0.0000
102.9588748,46.8117308,-5.7493675,0.0100142,0.000187,14.0000,0.0000
103.2087750,46.8092225,-5.4994799,0.0100602,0.000182,14.0000,0.0000
103.4586751,46.8067029,-5.2495924,0.0101052,0.000178,14.0000,0.0000
103.7085753,46.8041721,-4.9997051,0.0101492,0.000174,14.0000,0.0000
103.9584755,46.8016305,-4.7498178,0.0101921,0.000169,14.0000,0.0000
104.2083757,46.7990783,-4.4999307,0.0102339,0.000165,14.0000,0.0000
104.4582759,46.7965158,-4.2500436,0.0102746,0.000161,14.0000,0.0000
104.7081760,46.7939432,-4.0001567,0.0103143,0.000157,14.0000,0.0000
104.9580762,46.7913608,-3.7502698,0.0103529,0.000152,14.0000,0.0000
105.2079764,46.7887690,-3.5003831,0.0103905,0.000148,14.0000,0.0000
105.4578766,46.7861679,-3.2504965,0.0104270,0.000144,14.0000,0.0000
105.7077768,46.7835578,-3.0006099,0.0104624,0.000140,14.0000,0.0000
105.9576770,46.7809389,-2.7507234,0.0104968,0.000135,14.0000,0.0000
106.2075771,46.7783117,-2.5008371,0.0105301,0.000131,14.0000,0.0000
106.4574773,46.7756762,-2.2509508,0.0105623,0.000127,14.0000,0.0000
106.7073775,46.7730328,-2.0010646,0.0105935,0.000123,14.0000,0.0000
106.9572777,46.7703817,-1.7511785,0.0106236,0.000118,14.0000,0.0000
107.2071779,46.7677233,-1.5012924,0.0106527,0.000114,14.0000,0.0000
107.4570780,46.7650577,-1.2514065,0.0106808,0.000110,14.0000,0.0000
107.7069782,46.7623852,-1.0015206,0.0107077,0.000106,14.0000,0.0000
107.9568784,46.7597062,-0.7516348,0.0107337,0.000102,14.0000,0.0000
108.2067786,46.7570207,-0.5017490,0.0107585,0.000097,14.0000,0.0000
108.4566788,46.7543292,-0.2518633,0.0107824,0.000093,14.0000,0.0000
108.7065789,46.7516319,-0.0019777,0.0108051,0.000089,14.0000,0.0000
108.9564791,46.7489290,0.2479079,0.0108268,0.000085,14.0000,0.0000
109.2063793,46.7462208,0.4977934,0.0108475,0.000081,14.0000,0.0000
109.4562795,46.7435076,0.7476788,0.0108671,0.000076,14.0000,0.0000
109.7061797,46.7407896,0.9975642,0.0108857,0.000072,14.0000,0.0000
109.9560799,46.7380671,1.2474496,0.0109032,0.000068,14.0000,0.0000
110.2059800,46.7353404,1.4973349,0.0109197,0.000064,14.0000,0.0000
110.4558802,46.7326097,1.7472202,0.0109351,0.000060,14.0000,0.0000
110.7057804,46.7298752,1.9971054,0.0109494,0.000055,14.0000,0.0000
110.9556806,46.7271373,2.2469906,0.0109627,0.000051,14.0000,0.0000
111.2055808,46.7243963,2.4968757,0.0109750,0.000047,14.0000,0.0000
111.4554809,46.7216522,2.7467608,0.0109862,0.000043,14.0000,0.0000
111.7053811,46.7189056,2.9966459,0.0109964,0.000039,14.0000,0.0000
111.9552813,46.7161565,3.2465310,0.0110055,0.000034,14.0000,-1.5900
112.2051815,46.7134052,3.4964160,0.0110135,0.000030,13.9716,-2.8093
112.4550817,46.7106521,3.7463010,0.0110205,0.000026,13.9213,-2.8073
112.7049819,46.7078974,3.9961860,0.0110264,0.000022,13.8708,-2.8053
112.9548820,46.7051413,4.2460710,0.0110313,0.000017,13.8201,-2.8033
113.2047822,46.7023841,4.4959560,0.0110352,0.000013,13.7693,-2.8013
113.4546824,46.6996261,4.7458409,0.0110380,0.000009,13.7184,-2.7993
113.7045826,46.6968675,4.9957259,0.0110397,0.000005,13.6673,-2.7973
113.9544828,46.6941086,5.2456108,0.0110404,0.000001,13.6161,-2.7949
114.2043829,46.6913497,5.4954958,0.0110400,-0.000004,13.5647,-2.7924
114.4542831,46.6885910,5.7453807,0.0110386,-0.000008,13.5131,-2.7900
114.7041833,46.6858328,5.9952657,0.0110362,-0.000012,13.4614,-2.7875
114.9540835,46.6830753,6.2451507,0.0110326,-0.000016,13.4096,-2.7851
115.2039837,46.6803189,6.4950357,0.0110281,-0.000020,13.3576,-2.7826
115.4538838,46.6775637,6.7449206,0.0110225,-0.000025,13.3054,-2.7802
115.7037840,46.6748101,6.9948057,0.0110158,-0.000029,13.2531,-2.7777
115.9536842,46.6720582,7.2446907,0.0110081,-0.000033,13.2006,-2.7753
116.2035844,46.6693084,7.4945757,0.0109993,-0.000037,13.1480,-2.7729
116.4534846,46.6665610,7.7444608,0.0109895,-0.000041,13.0952,-2.7705
116.7033848,46.6638161,7.9943459,0.0109786,-0.000046,13.0422,-2.7681
116.9532849,46.6610741,8.2442311,0.0109666,-0.000050,12.9891,-2.7657
117.2031851,46.6583352,8.4941162,0.0109537,-0.000054,12.9357,-2.7632
117.4530853,46.6555996,8.7440014,0.0109396,-0.000058,12.8822,-2.7609
117.7029855,46.6528677,8.9938867,0.0109245,-0.000063,12.8286,-2.7585
117.9528857,46.6501397,9.2437720,0.0109084,-0.000067,12.7747,-2.7561
118.2027858,46.6474159,9.4936573,0.0108912,-0.000071,12.7207,-2.7537
118.4526860,46.6446965,9.7435427,0.0108730,-0.000075,12.6665,-2.7513
118.7025862,46.6419818,9.9934281,0.0108537,-0.000079,12.6121,-2.7489
118.9524864,46.6392720,10.2433136,0.0108333,-0.000083,12.5575,-2.7466
119.2023866,46.6365675,10.4931992,0.0108119,-0.000088,12.5027,-2.7442
119.4522868,46.6338684,10.7430848,0.0107895,-0.000092,12.4478,-2.7419
119.7021869,46.6311751,10.9929704,0.0107659,-0.000096,12.3926,-2.7395
119.9520871,46.6284878,11.2428562,0.0107414,-0.000100,12.3372,-2.7372
120.2019873,46.6258068,11.4927420,0.0107158,-0.000105,12.2817,-2.7348
120.4518875,46.6231323,11.7426278,0.0106891,-0.000109,12.2259,-2.7325
120.7017877,46.6204645,11.9925138,0.0106614,-0.000113,12.1699,-2.7302
120.9516878,46.6178039,12.2423998,0.0106326,-0.000117,12.1137,-2.7278
121.2015880,46.6151506,12.4922859,0.0106028,-0.000121,12.0573,-2.7255
121.4514882,46.6125048,12.7421721,0.0105719,-0.000126,12.0007,-2.7232
121.7013884,46.6098669,12.9920583,0.0105400,-0.000130,11.9438,-2.7209
121.9512886,46.6072371,13.2419447,0.0105070,-0.000134,11.8868,-2.7186
122.2011887,46.6046157,13.4918311,0.0104730,-0.000138,11.8295,-2.7161
122.4510889,46.6020029,13.7417176,0.0104374,-0.000147,11.7720,-2.7136
122.7009891,46.5993994,13.9916043,0.0103994,-0.000157,11.7142,-2.7059
122.9508893,46.5968066,14.2414911,0.0103453,-0.000294,11.6563,-2.6974
123.2007895,46.5942322,14.4913780,0.0102520,-0.000453,11.5984,-2.6845
123.4506897,46.5916869,14.7412653,0.0101069,-0.000725,11.5404,-2.6711
123.7005898,46.5891869,14.9911528,0.0098893,-0.001016,11.4824,-2.6711
123.9504900,46.5867474,15.2410409,0.0096410,-0.000913,11.4241,-2.6734
124.2003902,46.5843649,15.4909298,0.0094341,-0.000743,11.3655,-2.6783
124.4502904,46.5820288,15.7408190,0.0092683,-0.000585,11.3064,-2.6825
124.7001906,46.5797294,15.9907087,0.0091416,-0.000429,11.2470,-2.6865
124.9500907,46.5774569,16.2405986,0.0090513,-0.000297,11.1871,-2.6895
125.1999909,46.5752029,16.4904886,0.0089932,-0.000168,11.1269,-2.6923
125.4498911,46.5729595,16.7403788,0.0089659,-0.000053,11.0663,-2.6920
125.6997913,46.5707195,16.9902689,0.0089669,0.000061,11.0053,-2.6861
125.9496915,46.5684756,17.2401591,0.0089955,0.000166,10.9441,-2.6803
126.1995917,46.5662214,17.4900490,0.0090500,0.000270,10.8828,-2.6750
126.4494918,46.5639504,17.7399391,0.0091295,0.000364,10.8212,-2.6698
126.6993920,46.5616566,17.9898286,0.0092319,0.000456,10.7593,-2.6632
126.9492922,46.5593341,18.2397182,0.0093619,0.000591,10.6973,-2.6564
127.1991924,46.5569747,18.4896070,0.0095275,0.000734,10.6351,-2.6458
127.4490926,46.5545685,18.7394958,0.0097414,0.000994,10.5727,-2.6348
127.6989927,46.5521002,18.9893836,0.0100248,0.001274,10.5103,-2.6335
127.9488929,46.5495546,19.2392709,0.0103466,0.001263,10.4475,-2.6335
128.1987931,46.5469302,19.4891572,0.0106552,0.001207,10.3843,-2.6338
128.4486933,46.5442312,19.7390412,0.0109388,0.001050,10.3207,-2.6372
128.6985935,46.5414666,19.9889271,0.0111797,0.000878,10.2566,-2.6409
128.9484936,46.5386471,20.2388039,0.0113805,0.000732,10.1921,-2.6437
129.1983938,46.5357818,20.4886932,0.0115458,0.000591,10.1271,-2.6268
129.4482940,46.5328741,20.7385566,0.0117538,0.001168,10.0620,-2.6045
129.6981942,46.5298931,20.9884550,0.0121312,0.001853,9.9971,-2.5007
129.9480944,46.5267754,21.2383001,0.0129798,0.005301,9.9344,-2.3874
130.1979946,46.5233257,21.4882070,0.0147868,0.009157,9.8742,-2.2561
130.4478947,46.5192998,21.7380246,0.0176341,0.013728,9.8169,-2.1248
130.6977949,46.5144151,21.9879219,0.0216489,0.018394,9.7627,-1.9954
130.9476951,46.5083842,22.2376864,0.0268304,0.023089,9.7115,-1.8686
131.1975953,46.5009087,22.4875320,0.0331876,0.027772,9.6633,-1.7433
131.4474955,46.4917041,22.7371893,0.0407139,0.032483,9.6181,-1.6202
131.6973956,46.4804669,22.9869036,0.0494212,0.037179,9.5759,-1.4981
131.9472958,46.4669180,23.2363555,0.0592985,0.041899,9.5367,-1.3777
132.1971960,46.4507481,23.4858054,0.0703610,0.046605,9.5006,-1.2583
132.4470962,46.4316860,23.7348936,0.0825922,0.051319,9.4674,-1.1400
132.6969964,46.4094171,23.9838753,0.0960091,0.056022,9.4373,-1.0199
132.9468966,46.3836805,24.2323621,0.1106011,0.060816,9.4102,-0.9000
133.1967967,46.3541520,24.4805862,0.1264044,0.065619,9.3863,-0.7831
133.4466969,46.3205795,24.7281351,0.1433855,0.070311,9.3654,-0.6670
133.6965971,46.2826389,24.9752112,0.1615445,0.074972,9.3476,-0.5641
133.9464973,46.2401060,25.2213810,0.1808050,0.079118,9.3325,-0.4641
134.1963975,46.1926859,25.4668100,0.2010849,0.083138,9.3201,-0.3652
134.4462976,46.1402077,25.7110617,0.2223507,0.087092,9.3103,-0.2652
134.6961978,46.0823952,25.9542439,0.2446153,0.091052,9.3031,-0.2009
134.9460980,46.0191043,26.1959279,0.2677309,0.093620,9.2977,-0.1484
135.1959982,45.9501450,26.4361767,0.2913927,0.095715,9.2938,-0.1384
135.4458984,45.8754956,26.6746194,0.3154272,0.096171,9.2900,-0.1384
135.6957986,45.7951111,26.9112780,0.3394403,0.095995,9.2863,-0.1317
135.9456987,45.7090865,27.1459020,0.3634098,0.095819,9.2828,-0.1251
136.1955989,45.6174600,27.3784192,0.3873435,0.095734,9.2794,-0.1211
136.4454991,45.5202971,27.6086764,0.4112661,0.095682,9.2761,-0.1179
136.6953993,45.4176631,27.8365287,0.4351740,0.095671,9.2730,-0.1158
136.9452995,45.3096094,28.0618657,0.4590866,0.095676,9.2698,-0.1142
137.1951996,45.1962043,28.2845448,0.4829953,0.095679,9.2668,-0.1125
137.4450998,45.0775077,28.5044488,0.5069079,0.095685,9.2637,-0.1109
137.6950000,44.9535869,28.7214525,0.5308203,0.095700,9.2607,-0.1096
137.9449002,44.8245098,28.9354345,0.5547399,0.095713,9.2578,-0.1083
138.1948004,44.6903524,29.1462669,0.5786609,0.095742,9.2549,-0.1074
138.4447005,44.5511867,29.3538330,0.6025958,0.095784,9.2520,-0.1069
138.6946007,44.4070936,29.5580073,0.6265357,0.095820,9.2491,-0.1062
138.9445009,44.2581567,29.7586679,0.6504910,0.095880,9.2462,-0.1061
139.1944011,44.1044494,29.9557095,0.6744569,0.095927,9.2433,-0.1057
139.4443013,43.9460723,30.1489986,0.6984388,0.095992,9.2405,-0.1057
139.6942015,43.7830910,30.3384488,0.7224342,0.096049,9.2376,-0.1056
139.9441016,43.6156265,30.5239137,0.7464489,0.096137,9.2348,-0.1062
140.1940018,43.4437333,30.7053251,0.7704826,0.096204,9.2319,-0.1377
140.4439020,43.2675585,30.8825215,0.7945362,0.096307,9.2281,-0.1663
140.6938022,43.0871380,31.0554583,0.8186141,0.096384,9.2236,-0.1664
140.9437024,42.9026399,31.2239675,0.8427118,0.096482,9.2191,-0.1664
141.1936025,42.7140901,31.3880170,0.8668349,0.096569,9.2146,-0.1651
141.4435027,42.5216843,31.5474289,0.8909834,0.096709,9.2101,-0.1649
141.6934029,42.3254255,31.7021899,0.9151658,0.096806,9.2057,-0.1635
141.9433031,42.1255499,31.8521059,0.9393721,0.096948,9.2012,-0.1631
142.1932033,41.9220233,31.9971917,0.9636164,0.097055,9.1968,-0.1613
142.4431035,41.7151248,32.1372398,0.9878854,0.097210,9.1924,-0.1606
142.6930036,41.5047880,32.2722840,1.0121971,0.097325,9.1880,-0.1585
142.9429038,41.2913383,32.4021063,1.0365340,0.097497,9.1837,-0.1576
143.1928040,41.0746703,32.5267589,1.0609195,0.097619,9.1794,-0.1553
143.4427042,40.8551562,32.6460184,1.0853289,0.097792,9.1752,-0.1543
143.6926044,40.6326533,32.7599507,1.1097894,0.097918,9.1710,-0.1517
143.9425045,40.4075799,32.8683320,1.1342739,0.098105,9.1669,-0.1505
144.1924047,40.1797570,32.9712364,1.1588141,0.098234,9.1628,-0.1479
144.4423049,39.9496478,33.0684450,1.1833762,0.098420,9.1587,-0.1467
144.6922051,39.7170421,33.1600352,1.2079956,0.098548,9.1547,-0.1442
144.9421053,39.4824316,33.2458036,1.2326349,0.098726,9.1508,-0.1432
145.1920054,39.2455924,33.3258214,1.2573299,0.098847,9.1469,-0.1405
145.4419056,39.0070374,33.3999062,1.2820440,0.099031,9.1431,-0.1395
145.6918058,38.7665380,33.4681184,1.3068153,0.099150,9.1392,-0.1378
145.9417060,38.5246024,33.5303049,1.3316016,0.099297,9.1355,-0.1372
146.1916062,38.2810255,33.5865101,1.3564355,0.099397,9.1317,-0.1352
146.4415064,38.0362925,33.6366143,1.3812849,0.099554,9.1280,-0.1349
146.6914065,37.7902301,33.6806444,1.4061812,0.099641,9.1243,-0.1336
146.9413067,37.5433006,33.7185109,1.4310889,0.099767,9.1207,-0.1336
147.1912069,37.2953690,33.7502280,1.4560353,0.099841,9.1170,-0.1332
147.4411071,37.0468398,33.7757379,1.4809913,0.099936,9.1133,-0.1332
147.6910073,36.7976514,33.7950422,1.5059740,0.099980,9.1097,-0.1322
147.9409074,36.5481411,33.8081107,1.5309653,0.100069,9.1061,-0.1323
148.1908076,36.2983148,33.8149389,1.5559780,0.100097,9.1024,-0.1309
148.4407078,36.0484479,33.8155163,1.5809960,0.100151,9.0988,-0.1302
148.6906080,35.7986080,33.8098405,1.6060235,0.100148,9.0953,-0.1280
148.9405082,35.5490100,33.7979153,1.6310538,0.100188,9.0917,-0.1270
149.1904084,35.2997806,33.7797456,1.6560870,0.100166,9.0883,-0.1244
149.4403085,35.0510790,33.7553431,1.6811195,0.100176,9.0848,-0.1227
149.6902087,34.8030872,33.7247264,1.7061452,0.100130,9.0815,-0.1196
149.9401089,34.5559020,33.6879088,1.7311675,0.100117,9.0782,-0.1174
150.1900091,34.3097673,33.6449291,1.7561739,0.100048,9.0749,-0.1138
150.4399093,34.0647169,33.5957959,1.7811745,0.100013,9.0718,-0.1112
150.6898094,33.8210517,33.5405733,1.8061506,0.099921,9.0687,-0.1071
150.9397096,33.5787465,33.4792601,1.8311183,0.099865,9.0658,-0.1040
151.1896098,33.3381538,33.4119504,1.8560534,0.099752,9.0629,-0.0996
151.4395100,33.0991937,33.3386277,1.8809776,0.099676,9.0602,-0.0961
151.6894102,32.8622645,33.2594208,1.9058615,0.099542,9.0575,-0.0913
151.9393103,32.6272367,33.1742935,1.9307323,0.099448,9.0550,-0.0875
152.1892105,32.3945492,33.0834127,1.9555560,0.099298,9.0526,-0.0824
152.4391107,32.1640246,32.9867175,1.9803648,0.099186,9.0503,-0.0784
152.6890109,31.9361398,32.8844172,2.0051192,0.099015,9.0481,-0.0729
152.9389111,31.7106733,32.7764223,2.0298567,0.098890,9.0461,-0.0687
153.1888113,31.4881343,32.6629869,2.0545344,0.098706,9.0442,-0.0631
153.4387114,31.2682641,32.5439907,2.0791938,0.098567,9.0425,-0.0587
153.6886116,31.0515923,32.4197316,2.1037879,0.098367,9.0409,-0.0528
153.9385118,30.8378384,32.2900617,2.1283613,0.098216,9.0394,-0.0483
154.1884120,30.6275319,32.1553146,2.1528669,0.098009,9.0381,-0.0425
154.4383122,30.4203893,32.0153227,2.1773499,0.097848,9.0369,-0.0378
154.6882123,30.2169258,31.8704475,2.2017619,0.097627,9.0358,-0.0318
154.9381125,30.0168675,31.7205097,2.2261477,0.097457,9.0350,-0.0272
155.1880127,29.8207012,31.5658885,2.2504629,0.097234,9.0342,-0.0212
155.4379129,29.6281762,31.4064028,2.2747491,0.097057,9.0336,-0.0166
155.6878131,29.4397467,31.2424443,2.2989675,0.096857,9.0332,-0.0114
155.9377133,29.2551743,31.0738213,2.3231598,0.096680,9.0328,-0.0069
156.1876134,29.0748849,30.9009388,2.3472803,0.096444,9.0327,-0.0010
156.4375136,28.8986668,30.7236130,2.3713676,0.096268,9.0326,0.0034
156.6874138,28.7268919,30.5422339,2.3953897,0.096042,9.0327,0.0089
156.9373140,28.5594096,30.3566623,2.4193750,0.095869,9.0330,0.0130
157.1872142,28.3965181,30.1672454,2.4433028,0.095674,9.0333,0.0176
157.4371143,28.2381176,29.9738857,2.4671960,0.095509,9.0338,0.0214
157.6870145,28.0844451,29.7768886,2.4910335,0.095286,9.0344,0.0265
157.9369147,27.9354495,29.5762107,2.5148266,0.095113,9.0351,0.0304
158.1868149,27.7913164,29.3721202,2.5385735,0.094954,9.0360,0.0338
158.4367151,27.6520270,29.1646088,2.5622848,0.094793,9.0369,0.0373
158.6866152,27.5177305,28.9539172,2.5859485,0.094614,9.0379,0.0411
158.9365154,27.3884190,28.7400540,2.6095729,0.094446,9.0391,0.0446
159.1864156,27.2642090,28.5232304,2.6331509,0.094238,9.0403,0.0491
159.4363158,27.1451268,28.3035185,2.6566774,0.094054,9.0417,0.0529
159.6862160,27.0312458,28.0810765,2.6801643,0.093896,9.0431,0.0560
159.9361162,26.9226190,27.8560316,2.7036071,0.093732,9.0447,0.0592
160.1860163,26.8192683,27.6284487,2.7270135,0.093500,9.0463,0.0640
160.4359165,26.7212802,27.3985494,2.7503549,0.093340,9.0481,0.0670
160.6858167,26.6286600,27.1663687,2.7736918,0.093349,9.0499,0.0658
160.9357169,26.5414923,26.9321155,2.7970288,0.093422,9.0518,0.0630
161.1856171,26.4598400,26.6959540,2.8204046,0.093675,9.0535,0.0558
161.4355172,26.3837084,26.4578509,2.8438546,0.093950,9.0550,0.0482
161.6854174,26.3132363,26.2181907,2.8673657,0.094269,9.0564,0.0396
161.9353176,26.2483741,25.9767303,2.8909742,0.094600,9.0575,0.0309
162.1852178,26.1892991,25.7340552,2.9146429,0.094507,9.0583,0.0327
162.4351180,26.1358940,25.4897655,2.9379930,0.092251,9.0592,0.0880
162.6850182,26.0882004,25.2446493,2.9607375,0.089218,9.0616,0.1617
162.9349183,26.0458853,24.9981698,2.9820854,0.081493,9.0661,0.3506
163.1848185,26.0086572,24.7512713,3.0014651,0.073739,9.0758,0.5384
163.4347187,25.9759306,24.5033180,3.0189403,0.065987,9.0906,0.7250
163.6846189,25.9473458,24.2552846,3.0344403,0.058170,9.1105,0.9126
163.9345191,25.9223264,24.0064329,3.0480137,0.050352,9.1355,1.1004
164.1844192,25.9004773,23.7577124,3.0596006,0.042451,9.1655,1.2911
164.4343194,25.8812357,23.5083580,3.0692276,0.034517,9.2007,1.4841
164.6842196,25.8641728,23.2592473,3.0768473,0.026508,9.2409,1.6812
164.9341198,25.8487380,23.0096537,3.0824845,0.018562,9.2862,1.8795
165.1840200,25.8344807,22.7603378,3.0861203,0.010533,9.3367,2.0836
165.4339201,25.8208603,22.5106800,3.0877122,0.002189,9.3923,1.7634
165.6838203,25.8073904,22.2612765,3.0872118,-0.006214,9.4391,-2.2463
165.9337205,25.7935184,22.0116740,3.0845735,-0.014899,9.3794,-2.0212
166.1836207,25.7787277,21.7623025,3.0797643,-0.023605,9.3254,-1.8011
166.4335209,25.7624573,21.5128782,3.0727797,-0.032284,9.2770,-1.5846
166.6834211,25.7441832,21.2637052,3.0636289,-0.040967,9.2343,-1.3712
166.9333212,25.7233527,21.0146505,3.0523075,-0.049631,9.1971,-1.1599
167.1832214,25.6994402,20.7659271,3.0388243,-0.058288,9.1655,-0.9490
167.4331216,25.6719042,20.5175501,3.0231733,-0.066971,9.1396,-0.7386
167.6830218,25.6402161,20.2696738,3.0053534,-0.075644,9.1194,-0.5273
167.9329220,25.6038500,20.0224524,2.9853665,-0.084329,9.1049,-0.3224
168.1828221,25.5622782,19.7760272,2.9632078,-0.092706,9.0961,-0.2244
168.4327223,25.5150555,19.5306641,2.9395373,-0.096761,9.0899,-0.1324
168.6826225,25.4619026,19.2864621,2.9148470,-0.100533,9.0863,-0.1324
168.9325227,25.4026824,19.0437312,2.8897434,-0.100417,9.0826,-0.1274
169.1824229,25.3373683,18.8024820,2.8646554,-0.100335,9.0791,-0.1234
169.4323231,25.2660548,18.5630393,2.8396033,-0.100213,9.0757,-0.1184
169.6822232,25.1887331,18.3253510,2.8145664,-0.100114,9.0724,-0.1140
169.9321234,25.1055293,18.0897814,2.7895758,-0.099952,9.0693,-0.1082
170.1820236,25.0164228,17.8562458,2.7646044,-0.099847,9.0663,-0.1039
170.4319238,24.9215608,17.6251095,2.7396812,-0.099674,9.0635,-0.0980
170.6818240,24.8209311,17.3963172,2.7147783,-0.099599,9.0608,-0.0946
170.9317241,24.7146791,17.1701854,2.6899061,-0.099501,9.0581,-0.0906
171.1816243,24.6027979,16.9466864,2.6650449,-0.099365,9.0556,-0.0859
171.4315245,24.4854460,16.7260994,2.6403489,-0.098328,9.0533,-0.0589
171.6814247,24.3626736,16.5083994,2.6158928,-0.097177,9.0517,-0.0296
171.9313249,24.2346966,16.2937700,2.5921175,-0.093123,9.0508,0.0709
172.1812250,24.1017504,16.0821624,2.5693408,-0.089170,9.0528,0.1674
172.4311252,23.9641216,15.8735686,2.5475509,-0.085217,9.0574,0.2627
172.6810254,23.8220935,15.6679697,2.5267453,-0.081320,9.0647,0.3556
172.9309256,23.6758985,15.4652770,2.5068829,-0.077636,9.0745,0.4423
173.1808258,23.5258201,15.2654875,2.4879392,-0.073993,9.0866,0.5274
173.4307260,23.3720464,15.0684732,2.4698966,-0.070394,9.1011,0.6109
173.6806261,23.2148621,14.8742331,2.4527544,-0.066819,9.1179,0.6935
173.9305263,23.0544215,14.6826035,2.4364945,-0.063299,9.1369,0.7744
174.1804265,22.8910071,14.4935790,2.4211163,-0.059793,9.1580,0.8550
174.4303267,22.7247476,14.3069735,2.4066094,-0.056296,9.1813,0.9354
174.6802269,22.5559194,14.1227691,2.3929792,-0.052805,9.2068,1.0159
174.9301270,22.3846352,13.9407662,2.3802161,-0.049328,9.2343,1.0963
175.1800272,22.2111597,13.7609291,2.3683246,-0.045854,9.2639,1.1771
175.4299274,22.0355973,13.5830536,2.3572982,-0.042383,9.2956,1.2583
175.6798276,21.8581962,13.4070825,2.3471418,-0.038909,9.3294,1.3404
175.9297278,21.6790599,13.2328131,2.3378507,-0.035442,9.3652,1.4230
176.1796280,21.4984163,13.0601649,2.3294281,-0.031971,9.4031,1.5067
176.4295281,21.3163742,12.8889421,2.3218714,-0.028502,9.4431,1.5915
176.6794283,21.1331375,12.7190390,2.3151833,-0.025028,9.4851,1.6775
176.9293285,20.9488271,12.5502719,2.3093626,-0.021555,9.5292,1.7648
177.1792287,20.7636189,12.3825078,2.3044105,-0.018079,9.5753,1.8537
177.4291289,20.5776521,12.2155797,2.3003272,-0.014601,9.6236,1.9442
177.6790290,20.3910738,12.0493281,2.2971130,-0.011122,9.6740,2.0364
177.9289292,20.2040443,11.8836047,2.2947688,-0.007640,9.7264,2.1306
178.1788294,20.0166821,11.7182239,2.2932944,-0.004158,9.7810,2.2267
178.4287296,19.8291717,11.5530587,2.2926909,-0.000673,9.8377,2.3252
178.6786298,19.6416030,11.3878981,2.2929581,0.002811,9.8966,2.2600
178.9285299,19.4541878,11.2226387,2.2940965,0.006300,9.9535,0.2614
179.1784301,19.2669887,11.0570454,2.2961067,0.009785,9.9601,-2.2651
179.4283303,19.0802461,10.8910399,2.2989881,0.013278,9.9031,-2.1658
179.6782305,18.8939979,10.7243643,2.3027425,0.016764,9.8483,-2.0684
179.9281307,18.7085132,10.5569673,2.3073677,0.020259,9.7957,-1.9731
180.1780309,18.5238087,10.3885699,2.3128672,0.023745,9.7452,-1.8792
180.4279310,18.3401819,10.2191486,2.3192370,0.027243,9.6969,-1.7873
180.6778312,18.1576323,10.0484060,2.3264826,0.030731,9.6507,-1.6964
180.9277314,17.9764845,9.8763471,2.3345979,0.034232,9.6067,-1.6072
181.1776316,17.7967257,9.7026586,2.3435912,0.037724,9.5648,-1.5188
181.4275318,17.6187052,9.5273745,2.3534539,0.041229,9.5250,-1.4318
181.6774319,17.4424040,9.3501689,2.3641972,0.044727,9.4874,-1.3451
181.9273321,17.2681928,9.1711048,2.3758104,0.048242,9.4519,-1.2595
182.1772323,17.0960530,8.9898482,2.3883085,0.051752,9.4185,-1.1740
182.4271325,16.9263723,8.8064891,2.4016782,0.055281,9.3873,-1.0891
182.6770327,16.7591416,8.6206932,2.4159383,0.058810,9.3583,-1.0041
182.9269329,16.5947562,8.4325701,2.4310741,0.062362,9.3314,-0.9191
183.1768330,16.4332308,8.2417999,2.4471075,0.065921,9.3068,-0.8334
183.4267332,16.2749554,8.0484989,2.4640252,0.069513,9.2844,-0.7473
183.6766334,16.1199833,7.8523782,2.4818518,0.073124,9.2642,-0.6607
183.9265336,15.9686911,7.6535511,2.5005739,0.076750,9.2464,-0.5729
184.1764338,15.8211780,7.4517739,2.5202144,0.080408,9.2309,-0.4835
184.4263339,15.6778018,7.2471480,2.5407673,0.084116,9.2178,-0.3921
184.6762341,15.5387154,7.0394893,2.5622603,0.087877,9.2072,-0.2977
184.9261343,15.4042550,6.8288760,2.5846982,0.091728,9.1991,-0.2002
185.1760345,15.2746362,6.6152003,2.6081129,0.095659,9.1936,-0.1765
185.4259347,15.1501526,6.3985193,2.6321848,0.096687,9.1889,-0.1592
185.6758348,15.0309379,6.1788887,2.6564410,0.097452,9.1845,-0.1587
185.9257350,14.9170949,5.9564082,2.6808202,0.097560,9.1802,-0.1585
186.1756352,14.8087251,5.7312500,2.7052089,0.097654,9.1759,-0.1585
186.4255354,14.7058583,5.5034626,2.7296246,0.097712,9.1716,-0.1578
186.6754356,14.6086137,5.2733008,2.7540551,0.097853,9.1673,-0.1573
186.9253358,14.5169910,5.0407417,2.7785292,0.097961,9.1630,-0.1548
187.1752359,14.4311276,4.8061148,2.8030254,0.098144,9.1588,-0.1533
187.4251361,14.3510056,4.5693398,2.8275782,0.098288,9.1546,-0.1507
187.6750363,14.2767620,4.3307925,2.8521564,0.098477,9.1505,-0.1490
187.9249365,14.2083783,4.0903774,2.8767923,0.098628,9.1464,-0.1471
188.1748367,14.1459694,3.8484618,2.9014528,0.098786,9.1424,-0.1461
188.4247368,14.0895251,3.6049695,2.9261609,0.098907,9.1384,-0.1436
188.6746370,14.0391379,3.3602612,2.9508934,0.099086,9.1344,-0.1420
188.9245372,13.9948069,3.1142822,2.9756802,0.099230,9.1306,-0.1406
189.1744374,13.9566038,2.8673777,3.0004890,0.099363,9.1267,-0.1398
189.4243376,13.9245319,2.6195207,3.0253375,0.099475,9.1229,-0.1386
189.6742378,13.8986379,2.3710107,3.0502077,0.099602,9.1191,-0.1386
189.9241379,13.8789271,2.1218154,3.0751108,0.099626,9.1153,-0.1368
190.1740381,13.8654345,1.8723356,3.1000225,0.099829,9.1115,-0.1330
190.4239383,13.8581671,1.6225158,3.1250076,0.100056,9.1079,-0.1330
190.6738385,13.8571466,1.3726869,-3.1331779,0.100034,9.1042,-0.1304
190.9237387,13.8623702,1.1228953,-3.1081894,0.100033,9.1007,-0.1283
191.1736388,13.8738378,0.8732588,-3.0831839,0.100086,9.0971,-0.1276
191.4235390,13.8915443,0.6239870,-3.0581761,0.100040,9.0936,-0.1244
191.6734392,13.9154778,0.3752338,-3.0331686,0.100124,9.0902,-0.1245
191.9233394,13.9456277,0.1271542,-3.0081348,0.100182,9.0868,-0.1240
192.1732396,13.9819750,-0.1200708,-2.9830999,0.100184,9.0834,-0.1221
192.4231397,14.0244987,-0.3663056,-2.9580693,0.100148,9.0800,-0.1192
192.6730399,14.0731749,-0.6114185,-2.9330427,0.100149,9.0767,-0.1174
192.9229401,14.1279650,-0.8552167,-2.9080190,0.100120,9.0735,-0.1148
193.1728403,14.1888433,-1.0975919,-2.8830010,0.100103,9.0703,-0.1125
193.4227405,14.2557575,-1.3383425,-2.8579931,0.100042,9.0672,-0.1092
193.6726407,14.3286787,-1.5773760,-2.8329957,0.100017,9.0642,-0.1069
193.9225408,14.4075415,-1.8144850,-2.8080089,0.099955,9.0613,-0.1037
194.1724410,14.4923117,-2.0495768,-2.7830338,0.099925,9.0584,-0.1013
194.4223412,14.5829076,-2.2824609,-2.7582262,0.098222,9.0556,-0.0576
194.6722414,14.6792003,-2.5130709,-2.7339510,0.096062,9.0540,-0.0034
194.9221416,14.7809817,-2.7412969,-2.7104488,0.091438,9.0539,0.1108
195.1720417,14.8879546,-2.9671451,-2.6882681,0.086086,9.0570,0.2415
195.4219419,14.9997603,-3.1906372,-2.6674139,0.080826,9.0637,0.3683
195.6718421,15.1160566,-3.4118242,-2.6478678,0.075612,9.0738,0.4928
195.9217423,15.2365130,-3.6307775,-2.6296235,0.070392,9.0874,0.6167
196.1716425,15.3607996,-3.8475734,-2.6126845,0.065180,9.1043,0.7398
196.4215427,15.4886048,-4.0623226,-2.5970449,0.059985,9.1246,0.8622
196.6714428,15.6196104,-4.2751248,-2.5827030,0.054801,9.1482,0.9844
196.9213430,15.7535239,-4.4861203,-2.5696377,0.049803,9.1750,1.1022
197.1712432,15.8900475,-4.6954244,-2.5578093,0.044865,9.2050,1.2191
197.4211434,16.0289150,-4.9031925,-2.5472049,0.040025,9.2380,1.3343
197.6710436,16.1698486,-5.1095538,-2.5378036,0.035217,9.2741,1.4497
197.9209437,16.3125982,-5.3146746,-2.5296053,0.030390,9.3130,1.5670
198.1708439,16.4568964,-5.5186982,-2.5226147,0.025557,9.3550,1.6859
198.4207441,16.6024999,-5.7218030,-2.5168286,0.020757,9.3999,1.8059
198.6706443,16.7491501,-5.9241431,-2.5122401,0.015966,9.4478,1.9276
198.9205445,16.8966110,-6.1259025,-2.5088481,0.011182,9.4987,2.0514
199.1704446,17.0446311,-6.3272437,-2.5066515,0.006399,9.5525,2.1778
199.4203448,17.1929765,-6.5283527,-2.5056504,0.001612,9.6093,2.3071
199.6702450,17.3413998,-6.7293979,-2.5058459,-0.003177,9.6691,1.3210
199.9201452,17.4896657,-6.9305639,-2.5072391,-0.007976,9.7032,-2.2912
200.1700454,17.6375287,-7.1320228,-2.5098322,-0.012778,9.6440,-2.1600
200.4199456,17.7847481,-7.3339537,-2.5136278,-0.017605,9.5878,-2.0314
200.6698457,17.9310779,-7.5365305,-2.5186313,-0.022439,9.5348,-1.9044
200.9197459,18.0762679,-7.7399230,-2.5248459,-0.027306,9.4847,-1.7794
201.1696461,18.2200687,-7.9443043,-2.5322792,-0.032183,9.4377,-1.6550
201.4195463,18.3622177,-8.1498312,-2.5409364,-0.037117,9.3938,-1.5318
201.6694465,18.5024580,-8.3566734,-2.5508308,-0.042069,9.3529,-1.4088
201.9193466,18.6405104,-8.5649704,-2.5619674,-0.047076,9.3152,-1.2865
202.1692468,18.7761090,-8.7748866,-2.5743598,-0.052101,9.2807,-1.1622
202.4191470,18.9089560,-8.9865405,-2.5880183,-0.057243,9.2493,-1.0374
202.6690472,19.0387686,-9.2000843,-2.6029717,-0.062431,9.2212,-0.9122
202.9189474,19.1652270,-9.4156159,-2.6192242,-0.067653,9.1965,-0.7866
203.1688476,19.2880294,-9.6332650,-2.6367864,-0.072899,9.1751,-0.6496
203.4187477,19.4068382,-9.8531050,-2.6557010,-0.078585,9.1574,-0.5080
203.6686479,19.5213123,-10.0752464,-2.6760696,-0.084428,9.1435,-0.3592
203.9185481,19.6310709,-10.2997497,-2.6979218,-0.090520,9.1337,-0.2055
204.1684483,19.7357229,-10.5266783,-2.7213201,-0.096750,9.1280,-0.1564
204.4183485,19.8348842,-10.7560657,-2.7458741,-0.098794,9.1238,-0.1365
204.6682486,19.9283479,-10.9878190,-2.7706694,-0.099665,9.1200,-0.1333
204.9181488,20.0160220,-11.2218456,-2.7956228,-0.099870,9.1164,-0.1333
205.1680490,20.0978191,-11.4579608,-2.8205851,-0.099931,9.1127,-0.1327
205.4179492,20.1737045,-11.6960742,-2.8455646,-0.099956,9.1091,-0.1312
205.6678494,20.2436086,-11.9359745,-2.8705483,-0.100019,9.1055,-0.1307
205.9177495,20.3075035,-12.1775768,-2.8955501,-0.100050,9.1019,-0.1294
206.1676497,20.3653309,-12.4206707,-2.9205564,-0.100100,9.0983,-0.1286
206.4175499,20.4170655,-12.6651600,-2.9455756,-0.100116,9.0948,-0.1270
206.6674501,20.4626636,-12.9108463,-2.9705982,-0.100163,9.0913,-0.1261
206.9173503,20.5021013,-13.1576135,-2.9956325,-0.100177,9.0878,-0.1245
207.1672505,20.5353478,-13.4052774,-3.0206693,-0.100212,9.0844,-0.1234
207.4171506,20.5623840,-13.6537088,-3.0457129,-0.100203,9.0810,-0.1212
207.6670508,20.5831904,-13.9027296,-3.0707557,-0.100234,9.0777,-0.1200
207.9169510,20.5977536,-14.1521942,-3.0958058,-0.100238,9.0744,-0.1182
208.1668512,20.6060641,-14.4019485,-3.1208552,-0.100242,9.0711,-0.1164
208.4167514,20.6081165,-14.6518226,3.1372851,-0.100200,9.0679,-0.1136
208.6666515,20.6039116,-14.9016890,3.1122455,-0.100200,9.0648,-0.1118
208.9165517,20.5934531,-15.1513525,3.0872106,-0.100155,9.0617,-0.1089
209.1664519,20.5767481,-15.4006969,3.0621848,-0.100132,9.0587,-0.1066
209.4163521,20.5538136,-15.6495078,3.0371694,-0.100084,9.0558,-0.1037
209.6662523,20.5246584,-15.8977148,3.0121632,-0.100032,9.0529,-0.1008
209.9161525,20.4893181,-16.1450510,2.9871794,-0.099948,9.0501,-0.0971
210.1660526,20.4477980,-16.3915083,2.9622081,-0.099878,9.0474,-0.0938
210.4159528,20.4001572,-16.6367674,2.9372670,-0.099761,9.0448,-0.0894
210.6658530,20.3463965,-16.8808568,2.9123443,-0.099672,9.0424,-0.0859
210.9157532,20.2865966,-17.1234389,2.8874573,-0.099530,9.0400,-0.0810
211.1656534,20.2207561,-17.3645530,2.8625948,-0.099421,9.0378,-0.0770
211.4155535,20.1489771,-17.6038544,2.8377704,-0.099289,9.0356,-0.0726
211.6654537,20.0712486,-17.8414072,2.8129693,-0.099161,9.0336,-0.0683
211.9153539,19.9876986,-18.0768477,2.7882158,-0.098992,9.0317,-0.0631
212.1652541,19.8983040,-18.3102701,2.7634905,-0.098849,9.0300,-0.0586
212.4151543,19.8032202,-18.5412954,2.7388160,-0.098667,9.0284,-0.0532
212.6650544,19.7024174,-18.7700239,2.7141735,-0.098512,9.0269,-0.0485
212.9149546,19.5960692,-18.9960867,2.6895839,-0.098322,9.0256,-0.0431
213.1648548,19.4841428,-19.2195807,2.6650289,-0.098157,9.0244,-0.0384
213.4147550,19.3668269,-19.4401528,2.6405283,-0.097964,9.0233,-0.0331
213.6646552,19.2440870,-19.6578927,2.6160641,-0.097792,9.0224,-0.0283
213.9145554,19.1161219,-19.8724703,2.5916555,-0.097584,9.0216,-0.0228
214.1644555,18.9829041,-20.0839563,2.5672878,-0.097405,9.0210,-0.0181
214.4143557,18.8446348,-20.2920522,2.5429736,-0.097209,9.0205,-0.0130
214.6642559,18.7012977,-20.4968048,2.5187000,-0.097031,9.0201,-0.0084
214.9141561,18.5530887,-20.6979537,2.4944792,-0.096826,9.0199,-0.0033
215.1640563,18.4000089,-20.8955188,2.4703029,-0.096644,9.0198,0.0012
215.4139564,18.2422440,-21.0892785,2.4461761,-0.096451,9.0198,0.0060
215.6638566,18.0798192,-21.2792215,2.4220940,-0.096273,9.0200,0.0102
215.9137568,17.9129024,-21.4651681,2.3980584,-0.096085,9.0203,0.0147
216.1636570,17.7415447,-21.6470795,2.3740685,-0.095909,9.0207,0.0188
216.4135572,17.5658923,-21.8248157,2.3501219,-0.095723,9.0212,0.0230
216.6634574,17.3860295,-21.9983085,2.3262234,-0.095547,9.0218,0.0270
216.9133575,17.2020763,-22.1674566,2.3023643,-0.095377,9.0226,0.0308
217.1632577,17.0141510,-22.3321663,2.2785525,-0.095207,9.0234,0.0345
217.4131579,16.8223484,-22.4923684,2.2547763,-0.095055,9.0244,0.0377
217.6630581,16.6268155,-22.6479529,2.2310442,-0.094898,9.0254,0.0410
217.9129583,16.4276181,-22.7988797,2.2073439,-0.094744,9.0266,0.0441
218.1628584,16.2249407,-22.9450213,2.1836909,-0.094584,9.0278,0.0474
218.4127586,16.0188182,-23.0863641,2.1600658,-0.094451,9.0291,0.0499
218.6626588,15.8094736,-23.2227662,2.1364855,-0.094301,9.0305,0.0529
218.9125590,15.5969070,-23.3542379,2.1129298,-0.094170,9.0319,0.0553
219.1624592,15.3813768,-23.4806296,2.0894209,-0.094018,9.0335,0.0582
219.4123593,15.1628543,-23.6019681,2.0659328,-0.093906,9.0351,0.0601
219.6622595,14.9416209,-23.7181055,2.0424879,-0.093768,9.0367,0.0626
219.9121597,14.7176579,-23.8290608,2.0190574,-0.093714,9.0385,0.0630
220.1620599,14.4912144,-23.9347150,1.9956520,-0.093631,9.0402,0.0641
220.4119601,14.2623261,-24.0350571,1.9722538,-0.093559,9.0420,0.0649
220.6618603,14.0311822,-24.1300158,1.9489697,-0.092802,9.0438,0.0826
220.9117604,13.7978869,-24.2195930,1.9258658,-0.092088,9.0461,0.0990
221.1616606,13.5626001,-24.3037845,1.9030499,-0.090520,9.0488,0.1362
221.4115608,13.3254712,-24.3826316,1.8806192,-0.089008,9.0526,0.1715
221.6614610,13.0866382,-24.4561879,1.8585644,-0.087500,9.0573,0.2064
221.9113612,12.8462679,-24.5245005,1.8368822,-0.086040,9.0630,0.2396
222.1612613,12.6044652,-24.5876343,1.8155592,-0.084608,9.0696,0.2718
222.4111615,12.3614042,-24.6456361,1.7945909,-0.083220,9.0771,0.3026
222.6610617,12.1171636,-24.6985757,1.7739554,-0.081936,9.0854,0.3305
222.9109619,11.8719177,-24.7464980,1.7536355,-0.080704,9.0945,0.3568
223.1608621,11.6257272,-24.7894693,1.7336135,-0.079537,9.1043,0.3813
223.4107623,11.3787589,-24.8275345,1.7138791,-0.078414,9.1147,0.4045
223.6606624,11.1310665,-24.8607565,1.6944197,-0.077317,9.1258,0.4270
223.9105626,10.8828019,-24.8891839,1.6752333,-0.076246,9.1375,0.4486
224.1604628,10.6340209,-24.9128776,1.6563084,-0.075216,9.1498,0.4690
224.4103630,10.3848550,-24.9318898,1.6376374,-0.074219,9.1626,0.4886
224.6602632,10.1353667,-24.9462782,1.6192111,-0.073252,9.1759,0.5072
224.9101633,9.8856654,-24.9560969,1.6010237,-0.072311,9.1897,0.5252
225.1600635,9.6358233,-24.9614019,1.5830675,-0.071402,9.2040,0.5422
225.4099637,9.3859262,-24.9622482,1.5653346,-0.070521,9.2187,0.5585
225.6598639,9.1360579,-24.9586905,1.5478192,-0.069666,9.2338,0.5741
225.9097641,8.8862800,-24.9507830,1.5305132,-0.068837,9.2493,0.5890
226.1596643,8.6366891,-24.9385808,1.5134126,-0.068033,9.2652,0.6032
226.4095644,8.3873234,-24.9221357,1.4965082,-0.067254,9.2815,0.6168
226.6594646,8.1382921,-24.9015040,1.4797976,-0.066497,9.2981,0.6297
226.9093648,7.8896110,-24.8767342,1.4632710,-0.065764,9.3150,0.6421
227.1592650,7.6414019,-24.8478845,1.4469276,-0.065050,9.3322,0.6539
227.4091652,7.3936593,-24.8149992,1.4307569,-0.064360,9.3497,0.6652
227.6590653,7.1465166,-24.7781395,1.4147594,-0.063686,9.3675,0.6760
227.9089655,6.8999487,-24.7373440,1.3989244,-0.063035,9.3855,0.6863
228.1588657,6.6541017,-24.6926783,1.3832532,-0.062402,9.4037,0.6960
228.4087659,6.4089321,-24.6441745,1.3677336,-0.061793,9.4222,0.7052
228.6586661,6.1645908,-24.5919014,1.3523685,-0.061193,9.4409,0.7142
228.9085662,5.9210240,-24.5358856,1.3371472,-0.060615,9.4598,0.7227
229.1584664,5.6783893,-24.4762005,1.3220717,-0.060054,9.4788,0.7307
229.4083666,5.4366178,-24.4128652,1.3071307,-0.059508,9.4981,0.7383
229.6582668,5.1958793,-24.3459594,1.2923289,-0.058973,9.5175,0.7457
229.9081670,4.9560864,-24.2754936,1.2776544,-0.058456,9.5371,0.7527
230.1580672,4.7174123,-24.2015522,1.2631117,-0.057950,9.5568,0.7594
230.4079673,4.4797724,-24.1241421,1.2486896,-0.057461,9.5766,0.7656
230.6578675,4.2433262,-24.0433474,1.2343917,-0.056983,9.5966,0.7716
230.9077677,4.0080008,-23.9591746,1.2202080,-0.056521,9.6166,0.7773
231.1576679,3.7739378,-23.8717051,1.2061416,-0.056069,9.6368,0.7827
231.4075681,3.5410769,-23.7809466,1.1921836,-0.055632,9.6571,0.7877
231.6574682,3.3095433,-23.6869770,1.1783360,-0.055204,9.6774,0.7925
231.9073684,3.0792883,-23.5898055,1.1645912,-0.054791,9.6979,0.7970
232.1572686,2.8504219,-23.4895064,1.1509505,-0.054388,9.7184,0.8013
232.4071688,2.6229065,-23.3860909,1.1374071,-0.053997,9.7390,0.8053
232.6570690,2.3968377,-23.2796290,1.1239619,-0.053616,9.7596,0.8090
232.9069692,2.1721880,-23.1701342,1.1106088,-0.053247,9.7803,0.8124
233.1568693,1.9490400,-23.0576724,1.0973480,-0.052888,9.8011,0.8157
233.4067695,1.7273756,-22.9422596,1.0841744,-0.052540,9.8218,0.8186
233.6566697,1.5072653,-22.8239569,1.0710877,-0.052201,9.8426,0.8214
233.9065699,1.2886998,-22.7027835,1.0580835,-0.051873,9.8635,0.8239
234.1564701,1.0717383,-22.5787955,1.0451608,-0.051554,9.8843,0.8262
234.4063702,0.8563795,-22.4520152,1.0323159,-0.051245,9.9052,0.8282
234.6562704,0.6426723,-22.3224937,1.0195475,-0.050946,9.9261,0.8301
234.9061706,0.4306230,-22.1902566,1.0068524,-0.050654,9.9469,0.8317
235.1560708,0.2202709,-22.0553500,0.9942297,-0.050370,9.9678,0.8332
235.4059710,0.0116295,-21.9178036,0.9816763,-0.050101,9.9887,0.8343
235.6558711,-0.1952712,-21.7776573,0.9691881,-0.049845,10.0095,0.8351
235.9057713,-0.4004100,-21.6349448,0.9567637,-0.049586,10.0304,0.8360
236.1556715,-0.6037666,-21.4896999,0.9444050,-0.049323,10.0512,0.8371
236.4055717,-0.8053139,-21.3419623,0.9321129,-0.049043,10.0720,0.8388
236.6554719,-1.0050408,-21.1917618,0.9198948,-0.048741,10.0927,0.8412
236.9053721,-1.2029169,-21.0391447,0.9077519,-0.048443,10.1136,0.8435
237.1552722,-1.3989390,-20.8841371,0.8956829,-0.048147,10.1344,0.8458
237.4051724,-1.5930727,-20.7267896,0.8836874,-0.047861,10.1552,0.8479
237.6550726,-1.7853212,-20.5671226,0.8717609,-0.047587,10.1761,0.8497
237.9049728,-1.9756455,-20.4051909,0.8599028,-0.047319,10.1969,0.8513
238.1548730,-2.1640550,-20.2410082,0.8481102,-0.047057,10.2177,0.8528
238.4047731,-2.3505060,-20.0746346,0.8363833,-0.046801,10.2386,0.8541
238.6546733,-2.5350145,-19.9060770,0.8247183,-0.046553,10.2594,0.8553
238.9045735,-2.7175322,-19.7354005,0.8131155,-0.046312,10.2802,0.8563
239.1544737,-2.8980810,-19.5626054,0.8015711,-0.046076,10.3010,0.8572
239.4043739,-3.0766085,-19.3877622,0.7900860,-0.045848,10.3218,0.8579
239.6542741,-3.2531419,-19.2108641,0.7786559,-0.045625,10.3425,0.8584
239.9041742,-3.4276249,-19.0319873,0.7672822,-0.045408,10.3633,0.8589
240.1540744,-3.6000899,-18.8511179,0.7559603,-0.045198,10.3839,0.8591
240.4039746,-3.7704771,-18.6683379,0.7446919,-0.044993,10.4046,0.8593
240.6538748,-3.9388233,-18.4836263,0.7334724,-0.044794,10.4252,0.8593
240.9037750,-4.1050655,-18.2970708,0.7223037,-0.044600,10.4458,0.8592
241.1536751,-4.2692448,-18.1086435,0.7111808,-0.044412,10.4663,0.8589
241.4035753,-4.4312954,-17.9184378,0.7001062,-0.044229,10.4868,0.8585
241.6534755,-4.5912618,-17.7264189,0.6890746,-0.044052,10.5073,0.8580
241.9033757,-4.7490760,-17.5326859,0.6780888,-0.043880,10.5276,0.8574
242.1532759,-4.9047857,-17.3371972,0.6671432,-0.043713,10.5480,0.8567
242.4031760,-5.0583207,-17.1400578,0.6562408,-0.043551,10.5683,0.8558
242.6530762,-5.2097317,-16.9412189,0.6453760,-0.043394,10.5885,0.8548
242.9029764,-5.3589464,-16.7407916,0.6345522,-0.043241,10.6086,0.8537
243.1528766,-5.5060182,-16.5387202,0.6237634,-0.043095,10.6287,0.8524
243.4027768,-5.6508733,-16.3351216,0.6130128,-0.042954,10.6487,0.8510
243.6526770,-5.7935671,-16.1299332,0.6022946,-0.042816,10.6687,0.8496
243.9025771,-5.9340243,-15.9232780,0.5916128,-0.042683,10.6886,0.8480
244.1524773,-6.0723024,-15.7150866,0.5809608,-0.042557,10.7084,0.8462
244.4023775,-6.2083254,-15.5054876,0.5703425,-0.042435,10.7281,0.8443
244.6522777,-6.3421514,-15.2944051,0.5597508,-0.042322,10.7478,0.8422
244.9021779,-6.4737052,-15.0819714,0.5491894,-0.042214,10.7673,0.8399
245.1520780,-6.6030419,-14.8681100,0.5386523,-0.042107,10.7868,0.8377
245.4019782,-6.7300909,-14.6529507,0.5281439,-0.042005,10.8062,0.8353
245.6518784,-6.8549032,-14.4364205,0.5176641,-0.041856,10.8255,0.8346
245.9017786,-6.9774171,-14.2186443,0.5072238,-0.041709,10.8447,0.8339
246.1516788,-7.0976801,-13.9995576,0.4968260,-0.041495,10.8639,0.8356
246.4015790,-7.2156413,-13.7792795,0.4864842,-0.041281,10.8831,0.8373
246.6514791,-7.3313466,-13.5577523,0.4761927,-0.041077,10.9023,0.8387
246.9013793,-7.4447498,-13.3350926,0.4659534,-0.040879,10.9216,0.8400
247.1512795,-7.5558939,-13.1112422,0.4557587,-0.040706,10.9408,0.8404
247.4011797,-7.6647340,-12.8863167,0.4456082,-0.040539,10.9599,0.8406
247.6510799,-7.7713102,-12.6602571,0.4354967,-0.040379,10.9791,0.8406
247.9009800,-7.8755803,-12.4331760,0.4254264,-0.040223,10.9982,0.8405
248.1508802,-7.9775811,-12.2050168,0.4153923,-0.040076,11.0173,0.8401
248.4007804,-8.0772742,-11.9758880,0.4053961,-0.039933,11.0363,0.8396
248.6506806,-8.1746929,-11.7457358,0.3954340,-0.039789,11.0553,0.8392
248.9005808,-8.2698019,-11.5146658,0.3855093,-0.039648,11.0743,0.8387
249.1504809,-8.3626322,-11.2826257,0.3756133,-0.039552,11.0932,0.8366
249.4003811,-8.4531496,-11.0497180,0.3657406,-0.039468,11.1120,0.8341
249.6502813,-8.5413790,-10.8158908,0.3558783,-0.039471,11.1308,0.8283
249.9001815,-8.6272842,-10.5812418,0.3460125,-0.039494,11.1493,0.8219
250.1500817,-8.7108822,-10.3457199,0.3361384,-0.039526,11.1677,0.8152
250.3999819,-8.7921375,-10.1094197,0.3262572,-0.039562,11.1860,0.8083
250.6498820,-8.8710641,-9.8722935,0.3163657,-0.039595,11.2040,0.8016
250.8997822,-8.9476298,-9.6344310,0.3064674,-0.039629,11.2219,0.7949
251.1496824,-9.0218461,-9.3957900,0.2965582,-0.039673,11.2396,0.7878
251.3995826,-9.0936837,-9.1564556,0.2866386,-0.039722,11.2571,0.7806
251.6494828,-9.1631507,-8.9163897,0.2767053,-0.039771,11.2744,0.7734
251.8993829,-9.2302201,-8.6756749,0.2667608,-0.039823,11.2915,0.7662
252.1492831,-9.2948984,-8.4342757,0.2568015,-0.039879,11.3085,0.7588
252.3991833,-9.3571605,-8.1922721,0.2468287,-0.039940,11.3252,0.7513
252.6490835,-9.4170110,-7.9496314,0.2368393,-0.040003,11.3418,0.7437
252.8989837,-9.4744264,-7.7064317,0.2268349,-0.040070,11.3582,0.7361
253.1488839,-9.5294098,-7.4626423,0.2168124,-0.040138,11.3743,0.7284
253.3987840,-9.5819394,-7.2183404,0.2067735,-0.040210,11.3903,0.7206
253.6486842,-9.6320168,-6.9734968,0.1967147,-0.040289,11.4061,0.7126
253.8985844,-9.6796215,-6.7281872,0.1866367,-0.040372,11.4217,0.7044
254.1484846,-9.7247538,-6.4823837,0.1765377,-0.040447,11.4371,0.6966
254.3983848,-9.7673949,-6.2361626,0.1664211,-0.040523,11.4523,0.6888
254.6482849,-9.8075444,-5.9894952,0.1562797,-0.040646,11.4674,0.6792
254.8981851,-9.8451822,-5.7424606,0.1461053,-0.040787,11.4822,0.6689
255.1480853,-9.8803051,-5.4950294,0.1359161,-0.040703,11.4967,0.6676
255.3979855,-9.9129062,-5.2472793,0.1257637,-0.040553,11.5112,0.6689
255.6478857,-9.9430001,-4.9991874,0.1156836,-0.040030,11.5257,0.6852
255.8977858,-9.9706083,-4.7508298,0.1057599,-0.039396,11.5406,0.7060
256.1476860,-9.9957724,-4.5021869,0.0959883,-0.038816,11.5558,0.7245
256.3975862,-10.0185209,-4.2533380,0.0863585,-0.038257,11.5715,0.7423
256.6474864,-10.0388862,-4.0042565,0.0767834,-0.038574,11.5875,0.7246
256.8973866,-10.0568473,-3.7550173,0.0670712,-0.039159,11.6031,0.6961
257.1472868,-10.0723702,-3.5055920,0.0572157,-0.039704,11.6181,0.6693
257.3971869,-10.0854166,-3.2560448,0.0472276,-0.040236,11.6325,0.6431
257.6470871,-10.0959600,-3.0063612,0.0371989,-0.039800,11.6463,0.6565
257.8969873,-10.1040191,-2.7566004,0.0273441,-0.039073,11.6604,0.6818
258.1468875,-10.1096407,-2.5067564,0.0176888,-0.038152,11.6750,0.7150
258.3967877,-10.1128799,-2.2568862,0.0082772,-0.037174,11.6903,0.7506
258.6466878,-10.1137977,-2.0069811,-0.0008915,-0.036205,11.7063,0.7858
258.8965880,-10.1124546,-1.7570933,-0.0098182,-0.035239,11.7231,0.8209
259.1464882,-10.1089107,-1.5072126,-0.0185043,-0.034276,11.7406,0.8559
259.3963884,-10.1032270,-1.2573849,-0.0269492,-0.033313,11.7588,0.8908
259.6462886,-10.0954632,-1.0076006,-0.0351546,-0.032355,11.7777,0.9257
259.8961888,-10.0856805,-0.7578989,-0.0431203,-0.031398,11.7973,0.9605
260.1460889,-10.0739384,-0.5082708,-0.0508475,-0.030442,11.8176,0.9954
260.3959891,-10.0602981,-0.2587490,-0.0583354,-0.029487,11.8387,1.0304
260.6458893,-10.0448190,-0.0093259,-0.0655856,-0.028539,11.8604,1.0652
260.8957895,-10.0275619,0.2399730,-0.0725992,-0.027593,11.8828,1.1000
261.1456897,-10.0085858,0.4891533,-0.0793757,-0.026638,11.9059,1.1353
261.3955898,-9.9879519,0.7381968,-0.0859126,-0.025679,11.9297,1.1710
261.6454900,-9.9657198,0.9871061,-0.0922114,-0.024734,11.9542,1.2061
261.8953902,-9.9419498,1.2358714,-0.0982749,-0.023793,11.9794,1.2414
262.1452904,-9.9166999,1.4844907,-0.1041206,-0.023026,12.0053,1.2692
262.3951906,-9.8900196,1.7329626,-0.1097846,-0.022303,12.0317,1.2953
262.6450907,-9.8619550,1.9812787,-0.1152706,-0.021609,12.0586,1.3204
262.8949909,-9.8325494,2.2294446,-0.1205847,-0.020921,12.0859,1.3453
263.1448911,-9.8018475,2.4774476,-0.1257260,-0.020224,12.1137,1.3708
263.3947913,-9.7698916,2.7252992,-0.1306926,-0.019524,12.1419,1.3966
263.6446915,-9.7367279,2.9729841,-0.1354848,-0.018832,12.1706,1.4222
263.8945917,-9.7023977,3.2205191,-0.1401050,-0.018143,12.1998,1.4479
264.1444918,-9.6669469,3.4678866,-0.1445526,-0.017453,12.2294,1.4739
264.3943920,-9.6304160,3.7151071,-0.1488280,-0.016763,12.2595,1.5001
264.6442922,-9.5928514,3.9621622,-0.1529310,-0.016075,12.2901,1.5264
264.8941924,-9.5542930,4.2090749,-0.1568625,-0.015389,12.3211,1.5529
265.1440926,-9.5147870,4.4558269,-0.1606223,-0.014703,12.3525,1.5795
265.3939927,-9.4743729,4.7024429,-0.1642110,-0.014018,12.3844,1.6064
265.6438929,-9.4330969,4.9489049,-0.1676285,-0.013334,12.4168,1.6335
265.8937931,-9.3909980,5.1952392,-0.1708752,-0.012650,12.4496,1.6609
266.1436933,-9.3481226,5.4414279,-0.1739511,-0.011968,12.4829,1.6884
266.3935935,-9.3045091,5.6874986,-0.1768568,-0.011286,12.5167,1.7162
266.6434937,-9.2602038,5.9334339,-0.1795920,-0.010605,12.5509,1.7442
266.8933938,-9.2152447,6.1792625,-0.1821571,-0.009924,12.5856,1.7725
267.1432940,-9.1696783,6.4249671,-0.1845523,-0.009247,12.6207,1.8009
267.3931942,-9.1235420,6.6705776,-0.1867788,-0.008571,12.6563,1.8295
267.6430944,-9.0768821,6.9160765,-0.1888352,-0.007885,12.6924,1.8590
267.8929946,-9.0297361,7.1614956,-0.1907198,-0.007197,12.7290,1.8889
268.1428947,-8.9821509,7.4068167,-0.1924368,-0.006551,12.7660,1.9171
268.3927949,-8.9341617,7.6520725,-0.1939942,-0.005912,12.8035,1.9452
268.6426951,-8.8858141,7.8972453,-0.1953695,-0.005062,12.8414,1.9841
268.8925953,-8.8371540,8.1423684,-0.1965236,-0.004174,12.8799,2.0254
269.1424955,-8.7882413,8.3874293,-0.1974454,-0.003188,12.9192,-0.0171
269.3923956,-8.7391311,8.6324622,-0.1981169,-0.002186,12.9188,-2.6578
269.6422958,-8.6898893,8.8774567,-0.1985397,-0.001200,12.8673,-2.7057
269.8921960,-8.6405716,9.1224482,-0.1987170,-0.000218,12.8147,-2.7236
270.1420962,-8.5912431,9.3674247,-0.1986486,0.000766,12.7614,-2.6738
270.3919964,-8.5419588,9.6124234,-0.1983339,0.001752,12.7090,-2.6249
270.6418966,-8.4927845,9.8574304,-0.1977731,0.002736,12.6572,-2.5768
270.8917967,-8.4437750,10.1024848,-0.1969663,0.003721,12.6063,-2.5295
271.1416969,-8.3949962,10.3475702,-0.1959136,0.004704,12.5560,-2.4830
271.3915971,-8.3465027,10.5927277,-0.1946152,0.005686,12.5065,-2.4372
271.6414973,-8.2983605,10.8379385,-0.1930716,0.006667,12.4577,-2.3922
271.8913975,-8.2506239,11.0832451,-0.1912829,0.007648,12.4096,-2.3480
272.1412976,-8.2033594,11.3286260,-0.1892495,0.008626,12.3623,-2.3046
272.3911978,-8.1566207,11.5741251,-0.1869718,0.009603,12.3156,-2.2618
272.6410980,-8.1104744,11.8197185,-0.1844503,0.010577,12.2696,-2.2198
272.8909982,-8.0649743,12.0654504,-0.1816852,0.011551,12.2243,-2.1785
273.1408984,-8.0201869,12.3112950,-0.1786775,0.012521,12.1797,-2.1378
273.3907986,-7.9761657,12.5572964,-0.1754273,0.013490,12.1357,-2.0978
273.6406987,-7.9329773,12.8034267,-0.1719354,0.014457,12.0925,-2.0584
273.8905989,-7.8906752,13.0497297,-0.1682019,0.015423,12.0499,-2.0199
274.1404991,-7.8493257,13.2961757,-0.1642281,0.016380,12.0079,-1.9820
274.3903993,-7.8089823,13.5428070,-0.1600154,0.017334,11.9666,-1.9440
274.6402995,-7.7697106,13.7895930,-0.1555630,0.018303,11.9259,-1.9065
274.8901996,-7.7315654,14.0365736,-0.1508677,0.019273,11.8859,-1.8716
275.1400998,-7.6946125,14.2837164,-0.1459357,0.020191,11.8465,-1.8376
275.3900000,-7.6589044,14.5310614,-0.1407764,0.021098,11.8076,-1.8113
275.6399002,-7.6245026,14.7785707,-0.1354087,0.021833,11.7693,-1.7867
275.8898004,-7.5914487,15.0262855,-0.1298650,0.022533,11.7313,-1.7623
276.1397005,-7.5597929,15.2741619,-0.1241466,0.023235,11.6937,-1.7382
276.3896007,-7.5295744,15.5222385,-0.1182521,0.023938,11.6564,-1.7142
276.6395009,-7.5008427,15.7704724,-0.1121815,0.024648,11.6196,-1.6903
276.8894011,-7.4736387,16.0188962,-0.1059327,0.025361,11.5832,-1.6667
277.1393013,-7.4480113,16.2674709,-0.0995062,0.026073,11.5472,-1.6433
277.3892015,-7.4240027,16.5162227,-0.0929010,0.026788,11.5116,-1.6200
277.6391016,-7.4016611,16.7651156,-0.0861170,0.027508,11.4764,-1.5968
277.8890018,-7.3810299,17.0141689,-0.0791522,0.028231,11.4416,-1.5738
278.1389020,-7.3621572,17.2633503,-0.0720067,0.028957,11.4071,-1.5509
278.3888022,-7.3450875,17.5126715,-0.0646793,0.029685,11.3731,-1.5282
278.6387024,-7.3298682,17.7621041,-0.0571699,0.030416,11.3395,-1.5057
278.8886025,-7.3165450,18.0116521,-0.0494772,0.031150,11.3062,-1.4832
279.1385027,-7.3051650,18.2612908,-0.0416009,0.031886,11.2734,-1.4609
279.3884029,-7.2957744,18.5110162,-0.0335401,0.032626,11.2410,-1.4387
279.6383031,-7.2884203,18.7608073,-0.0252941,0.033369,11.2089,-1.4166
279.8882033,-7.2831494,19.0106521,-0.0168620,0.034115,11.1773,-1.3946
280.1381035,-7.2800087,19.2605330,-0.0082430,0.034864,11.1461,-1.3727
280.3880036,-7.2790453,19.5104302,0.0005636,0.035617,11.1153,-1.3509
280.6379038,-7.2803061,19.7603288,0.0095589,0.036374,11.0849,-1.3291
280.8878040,-7.2838384,20.0102017,0.0187435,0.037134,11.0549,-1.3074
281.1377042,-7.2896894,20.2600359,0.0281188,0.037898,11.0253,-1.2857
281.3876044,-7.2979060,20.5097975,0.0376853,0.038666,10.9961,-1.2641
281.6375045,-7.3085359,20.7594750,0.0474446,0.039439,10.9673,-1.2424
281.8874047,-7.3216256,21.0090275,0.0573972,0.040216,10.9390,-1.2208
282.1373049,-7.3372232,21.2584447,0.0675449,0.040998,10.9110,-1.1992
282.3872051,-7.3553746,21.5076792,0.0778884,0.041785,10.8836,-1.1775
282.6371053,-7.3761284,21.7567210,0.0884296,0.042577,10.8565,-1.1558
282.8870054,-7.3995298,22.0055167,0.0991691,0.043376,10.8298,-1.1340
283.1369056,-7.4256279,22.2540556,0.1101094,0.044181,10.8036,-1.1121
283.3868058,-7.4544670,22.5022791,0.1212513,0.044993,10.7779,-1.0901
283.6367060,-7.4860968,22.7501750,0.1325974,0.045810,10.7526,-1.0680
283.8866062,-7.5205606,22.9976796,0.1441480,0.046635,10.7277,-1.0456
284.1365064,-7.5579085,23.2447789,0.1559068,0.047474,10.7034,-1.0229
284.3864065,-7.5981831,23.4914042,0.1678762,0.048323,10.6794,-1.0003
284.6363067,-7.6414352,23.7375384,0.1800589,0.049174,10.6560,-0.9775
284.8862069,-7.6877062,23.9831091,0.1924541,0.050031,10.6331,-0.9539
285.1361071,-7.7370465,24.2280951,0.2050671,0.050917,10.6106,-0.9298
285.3860073,-7.7894974,24.4724205,0.2179036,0.051820,10.5887,-0.9049
285.6359074,-7.8451107,24.7160588,0.2309690,0.052748,10.5673,-0.8796
285.8858076,-7.9039277,24.9589302,0.2442682,0.053692,10.5465,-0.8540
286.1357078,-7.9660011,25.2010025,0.2578049,0.054643,10.5262,-0.8282
286.3856080,-8.0313711,25.4421929,0.2715798,0.055604,10.5066,-0.8015
286.6355082,-8.1000895,25.6824625,0.2855986,0.056595,10.4875,-0.7741
286.8854084,-8.1721959,25.9217257,0.2998673,0.057605,10.4690,-0.7453
287.1353085,-8.2477423,26.1599357,0.3143933,0.058659,10.4512,-0.7157
287.3852087,-8.3267693,26.3970035,0.3291863,0.059737,10.4341,-0.6850
287.6351089,-8.4093297,26.6328740,0.3442527,0.060849,10.4177,-0.6534
287.8850091,-8.4954640,26.8674534,0.3596000,0.061984,10.4020,-0.6185
288.1349093,-8.5852248,27.1006778,0.3752412,0.063221,10.3871,-0.5819
288.3848094,-8.6786561,27.3324477,0.3912001,0.064506,10.3731,-0.5384
288.6347096,-8.7758153,27.5626882,0.4074999,0.066000,10.3601,-0.4916
288.8846098,-8.8767556,27.7912880,0.4241913,0.067590,10.3483,-0.4435
289.1345100,-8.9815455,28.0181560,0.4412843,0.069216,10.3375,-0.3942
289.3844102,-9.0902408,28.2431717,0.4587872,0.070868,10.3280,-0.3450
289.6343103,-9.2029083,28.4662361,0.4767031,0.072508,10.3197,-0.2946
289.8842105,-9.3195944,28.6872131,0.4950299,0.074173,10.3125,-0.2422
290.1341107,-9.4403638,28.9060027,0.5137797,0.075889,10.3066,-0.1880
290.3840109,-9.5652509,29.1224455,0.5329629,0.077648,10.3021,-0.1718
290.6339111,-9.6943185,29.3364437,0.5524815,0.078214,10.2979,-0.1699
290.8838113,-9.8275326,29.5478612,0.5720402,0.078330,10.2938,-0.1699
291.1337114,-9.9648678,29.7566518,0.5915536,0.077585,10.2897,-0.1440
291.3836116,-10.1062117,29.9627213,0.6108076,0.076522,10.2862,-0.1084
291.6335118,-10.2514841,30.1660704,0.6297946,0.075408,10.2835,-0.0716
291.8834120,-10.4005472,30.3666252,0.6484974,0.074286,10.2818,-0.0350
292.1333122,-10.5533220,30.5643973,0.6669217,0.073154,10.2809,0.0015
292.3832123,-10.7096720,30.7593253,0.6850610,0.072028,10.2810,0.0373
292.6331125,-10.8695193,30.9514244,0.7029231,0.070925,10.2819,0.0720
292.8830127,-11.0327328,31.1406448,0.7205104,0.069840,10.2836,0.1058
293.1329129,-11.1992357,31.3270013,0.7378306,0.068776,10.2862,0.1384
293.3828131,-11.3689059,31.5104568,0.7548857,0.067726,10.2896,0.1704
293.6327133,-11.5416647,31.6910233,0.7716772,0.066649,10.2937,0.2029
293.8826134,-11.7174009,31.8686815,0.7881970,0.065567,10.2986,0.2353
294.1325136,-11.8960276,32.0434387,0.8044583,0.064606,10.3043,0.2635
294.3824138,-12.0774528,32.2152897,0.8204889,0.063691,10.3107,0.2900
294.6323140,-12.2615872,32.3842248,0.8363385,0.063289,10.3178,0.2999
294.8822142,-12.4483794,32.5502345,0.8521261,0.063061,10.3250,0.3041
295.1321143,-12.6377519,32.7132694,0.8678562,0.062838,10.3324,0.3082
295.3820145,-12.8296783,32.8733248,0.8835329,0.062623,10.3398,0.3119
295.6319147,-13.0240665,33.0303416,0.8991558,0.062419,10.3474,0.3153
295.8818149,-13.2209028,33.1843248,0.9147308,0.062225,10.3550,0.3184
296.1317151,-13.4200854,33.3352101,0.9302596,0.062074,10.3627,0.3200
296.3816152,-13.6216116,33.4830074,0.9457564,0.061945,10.3704,0.3209
296.6315154,-13.8253730,33.6276470,0.9612232,0.061856,10.3781,0.3206
296.8814156,-14.0313763,33.7691406,0.9766734,0.061788,10.3858,0.3196
297.1313158,-14.2395086,33.9074160,0.9921038,0.061714,10.3935,0.3187
297.3812160,-14.4497811,34.0424861,1.0075190,0.061650,10.4012,0.3176
297.6311162,-14.6620773,34.1742806,1.0229179,0.061603,10.4088,0.3159
297.8810163,-14.8764097,34.3028108,1.0383096,0.061572,10.4164,0.3137
298.1309165,-15.0926622,34.4280093,1.0536922,0.061546,10.4239,0.3114
298.3808167,-15.3108468,34.5498850,1.0690717,0.061533,10.4314,0.3087
298.6307169,-15.5308488,34.6683747,1.0844472,0.061529,10.4388,0.3057
298.8806171,-15.7526766,34.7834832,1.0998255,0.061540,10.4461,0.3023
299.1305172,-15.9762198,34.8951524,1.1152054,0.061555,10.4533,0.2988
299.3804174,-16.2014816,35.0033829,1.1305922,0.061583,10.4604,0.2948
299.6303176,-16.4283572,35.1081223,1.1459855,0.061620,10.4675,0.2907
299.8802178,-16.6568422,35.2093662,1.1613912,0.061672,10.4744,0.2860
300.1301180,-16.8868397,35.3070679,1.1768111,0.061743,10.4812,0.2808
300.3800182,-17.1183355,35.4012167,1.1922522,0.061833,10.4879,0.2749
300.6299183,-17.3512405,35.4917709,1.2077042,0.061805,10.4945,0.2731
300.8798185,-17.5855322,35.5787232,1.2231423,0.061747,10.5010,0.2723
301.1297187,-17.8211219,35.6620452,1.2385525,0.061553,10.5075,0.2760
301.3796189,-18.0579805,35.7417388,1.2539063,0.061325,10.5140,0.2808
301.6295191,-18.2960206,35.8177891,1.2692060,0.061130,10.5207,0.2845
301.8794192,-18.5352049,35.8901973,1.2844612,0.060960,10.5274,-0.4350
302.1293194,-18.7754561,35.9589510,1.2996753,0.060805,10.5171,-0.6515
302.3792196,-19.0167304,36.0240478,1.3148528,0.060664,10.5016,-0.6616
302.6291198,-19.2589588,36.0854783,1.3299961,0.060532,10.4859,-0.6715
302.8790200,-19.5020925,36.1432384,1.3451081,0.060414,10.4699,-0.6810
303.1289201,-19.7460683,36.1973209,1.3601923,0.060309,10.4536,-0.6901
303.3788203,-19.9908323,36.2477203,1.3752522,0.060220,10.4371,-0.6988
303.6287205,-20.2363273,36.2944308,1.3902915,0.060142,10.4203,-0.7071
303.8786207,-20.4824951,36.3374460,1.4053126,0.060078,10.4034,-0.7150
304.1285209,-20.7292835,36.3767610,1.4203195,0.060025,10.3862,-0.7226
304.3784211,-20.9766303,36.4123693,1.4353144,0.059986,10.3688,-0.7298
304.6283212,-21.2244876,36.4442664,1.4503016,0.059958,10.3512,-0.7368
304.8782214,-21.4727895,36.4724455,1.4652830,0.059944,10.3334,-0.7433
305.1281216,-21.7214920,36.4969025,1.4802628,0.059941,10.3154,-0.7495
305.3780218,-21.9705257,36.5176308,1.4952430,0.059952,10.2972,-0.7553
305.6279220,-22.2198499,36.5346265,1.5102278,0.059974,10.2788,-0.7608
305.8778221,-22.4693922,36.5478830,1.5252191,0.060009,10.2603,-0.7660
306.1277223,-22.7191144,36.5573963,1.5402212,0.060055,10.2417,-0.7708
306.3776225,-22.9689415,36.5631606,1.5552359,0.060115,10.2228,-0.7753
306.6275227,-23.2188373,36.5651713,1.5702677,0.060186,10.2039,-0.7795
306.8774229,-23.4687241,36.5634234,1.5853180,0.060270,10.1848,-0.7833
307.1273231,-23.7185679,36.5579118,1.6003917,0.060366,10.1655,-0.7868
307.3772232,-23.9682879,36.5486323,1.6154902,0.060475,10.1462,-0.7899
307.6271234,-24.2178514,36.5355794,1.6306185,0.060597,10.1267,-0.7927
307.8770236,-24.4671759,36.5187497,1.6457780,0.060733,10.1071,-0.7951
308.1269238,-24.7162290,36.4981369,1.6609737,0.060880,10.0874,-0.7972
308.3768240,-24.9649268,36.4737387,1.6762074,0.061043,10.0677,-0.7989
308.6267241,-25.2132367,36.4455481,1.6914843,0.061219,10.0478,-0.8003
308.8766243,-25.4610727,36.4135638,1.7068062,0.061410,10.0279,-0.8013
309.1265245,-25.7084022,36.3777780,1.7221782,0.061614,10.0079,-0.8018
309.3764247,-25.9551377,36.3381904,1.7376024,0.061834,9.9879,-0.8018
309.6263249,-26.2012457,36.2947926,1.7530842,0.062069,9.9678,-0.8012
309.8762251,-26.4466371,36.2475854,1.7686258,0.062319,9.9477,-0.8002
310.1261252,-26.6912774,36.1965594,1.7842327,0.062586,9.9275,-0.7987
310.3760254,-26.9350757,36.1417167,1.7999075,0.062868,9.9074,-0.7968
310.6259256,-27.1779962,36.0830472,1.8156558,0.063169,9.8873,-0.7944
310.8758258,-27.4199463,36.0205541,1.8314805,0.063486,9.8672,-0.7915
311.1257260,-27.6608883,35.9542264,1.8473876,0.063822,9.8471,-0.7881
311.3756261,-27.9007280,35.8840686,1.8633802,0.064176,9.8271,-0.7842
311.6255263,-28.1394252,35.8100691,1.8794645,0.064550,9.8072,-0.7798
311.8754265,-28.3768842,35.7322334,1.8956440,0.064944,9.7873,-0.7748
312.1253267,-28.6130618,35.6505496,1.9119254,0.065360,9.7675,-0.7693
312.3752269,-28.8478607,35.5650239,1.9283125,0.065796,9.7478,-0.7632
312.6251270,-29.0812344,35.4756443,1.9448121,0.066255,9.7282,-0.7564
312.8750272,-29.3130837,35.3824181,1.9614286,0.066737,9.7087,-0.7489
313.1249274,-29.5433581,35.2853331,1.9781695,0.067247,9.6894,-0.7408
313.3748276,-29.7719565,35.1843975,1.9950402,0.067780,9.6703,-0.7321
313.6247278,-29.9988236,35.0795992,2.0120477,0.068336,9.6514,-0.7228
313.8746280,-30.2238571,34.9709474,2.0291963,0.068914,9.6326,-0.7135
314.1245281,-30.4469968,34.8584310,2.0464910,0.069495,9.6141,-0.7038
314.3744283,-30.6681386,34.7420619,2.0639313,0.070090,9.5958,-0.6939
314.6243285,-30.8872180,34.6218321,2.0815223,0.070690,9.5777,-0.6838
314.8742287,-31.1041299,34.4977565,2.0992636,0.071304,9.5598,-0.6730
315.1241289,-31.3188048,34.3698306,2.1171618,0.071942,9.5422,-0.6615
315.3740290,-31.5311375,34.2380708,2.1352219,0.072602,9.5249,-0.6493
315.6239292,-31.7410513,34.1024762,2.1534508,0.073293,9.5078,-0.6364
315.8738294,-31.9484407,33.9630635,2.1718556,0.074010,9.4911,-0.6226
316.1237296,-32.1532205,33.8198361,2.1904435,0.074758,9.4747,-0.6081
316.3736298,-32.3552855,33.6728106,2.2092215,0.075532,9.4586,-0.5926
316.6235300,-32.5545412,33.5219960,2.2281971,0.076342,9.4430,-0.5763
316.8734301,-32.7508829,33.3674081,2.2473794,0.077183,9.4277,-0.5589
317.1233303,-32.9442050,33.2090632,2.2667757,0.078060,9.4129,-0.5407
317.3732305,-33.1344045,33.0469750,2.2863956,0.078965,9.3985,-0.5211
317.6231307,-33.3213634,32.8811697,2.3062466,0.079923,9.3846,-0.5004
317.8730309,-33.5049803,32.7116572,2.3263437,0.080919,9.3713,-0.4784
318.1229310,-33.6851235,32.5384747,2.3466930,0.081956,9.3585,-0.4555
318.3728312,-33.8616921,32.3616291,2.3673077,0.083028,9.3464,-0.4304
318.6227314,-34.0345392,32.1811729,2.3881964,0.084176,9.3349,-0.4042
318.8726316,-34.2035687,31.9971032,2.4093805,0.085361,9.3240,-0.3756
319.1225318,-34.3686164,31.8094888,2.4308665,0.086629,9.3140,-0.3450
319.3724319,-34.5295831,31.6183227,2.4526821,0.087963,9.3047,-0.3102
319.6223321,-34.6862893,31.4236880,2.4748436,0.089447,9.2964,-0.2732
319.8722323,-34.8386245,31.2255750,2.4973920,0.091006,9.2890,-0.2167
320.1221325,-34.9863893,31.0240777,2.5203937,0.093289,9.2832,-0.1522
320.3720327,-35.1294408,30.8191558,2.5440283,0.095853,9.2791,-0.1380
320.6219329,-35.2675307,30.6109052,2.5681211,0.096475,9.2754,-0.1380
320.8718330,-35.4005826,30.3993507,2.5922308,0.096476,9.2717,-0.1359
321.1217332,-35.5284831,30.1846787,2.6162789,0.095808,9.2680,-0.1165
321.3716334,-35.6512193,29.9669852,2.6401136,0.094946,9.2648,-0.0925
321.6215336,-35.7687456,29.7464600,2.6637392,0.094149,9.2624,-0.0705
321.8714338,-35.8810589,29.5232152,2.6871746,0.093412,9.2605,-0.0504
322.1213339,-35.9881245,29.2974224,2.7104292,0.092703,9.2591,-0.0313
322.3712341,-36.0899351,29.0691999,2.7335124,0.092042,9.2582,-0.0138
322.6211343,-36.1864669,28.8387027,2.7564351,0.091415,9.2579,0.0026
322.8710345,-36.2777093,28.6060569,2.7792066,0.090837,9.2579,0.0175
323.1209347,-36.3636472,28.3714006,2.8018384,0.090289,9.2584,0.0314
323.3708349,-36.4442679,28.1348673,2.8243378,0.089786,9.2593,0.0439
323.6207350,-36.5195631,27.8965794,2.8467166,0.089314,9.2604,0.0555
323.8706352,-36.5895187,27.6566786,2.8689815,0.088886,9.2619,0.0657
324.1205354,-36.6541315,27.4152718,2.8911438,0.088475,9.2637,0.0754
324.3704356,-36.7133877,27.1725097,2.9132055,0.088102,9.2658,0.0840
324.6203358,-36.7672886,26.9284848,2.9351822,0.087783,9.2680,0.0911
324.8702359,-36.8158196,26.6833561,2.9570840,0.087515,9.2705,0.0967
325.1201361,-36.8589832,26.4372004,2.9789121,0.087132,9.2731,0.1053
325.3700363,-36.8967727,26.1901908,3.0006354,0.086741,9.2759,0.1140
325.6199365,-36.9292076,25.9423912,3.0221910,0.085525,9.2790,0.1439
325.8698367,-36.9563358,25.6939879,3.0433727,0.084015,9.2829,0.1812
326.1197368,-36.9782478,25.4450403,3.0641485,0.082143,9.2877,0.2274
326.3696370,-36.9950432,25.1957251,3.0844243,0.080143,9.2939,0.2764
326.6195372,-37.0068444,24.9460945,3.1041930,0.078027,9.3013,0.3280
326.8694374,-37.0137753,24.6963083,3.1234226,0.075884,9.3101,0.3798
327.1193376,-37.0159684,24.4464088,-3.1410601,0.073800,9.3203,0.4297
327.3692378,-37.0135527,24.1965377,-3.1228760,0.071742,9.3318,0.4786
327.6191379,-37.0066569,23.9467263,-3.1051977,0.069750,9.3446,0.5254
327.8690381,-36.9954088,23.6970942,-3.0880132,0.067790,9.3586,0.5712
328.1189383,-36.9799324,23.4476677,-3.0713160,0.065837,9.3739,0.6166
328.3688385,-36.9603559,23.1985485,-3.0551071,0.063894,9.3903,0.6616
328.6187387,-36.9368024,22.9497560,-3.0393768,0.062007,9.4079,0.7050
328.8686388,-36.9093985,22.7013745,-3.0241148,0.060144,9.4266,0.7477
329.1185390,-36.8782627,22.4534180,-3.0093158,0.058296,9.4464,0.7900
329.3684392,-36.8435198,22.2059543,-2.9949779,0.056458,9.4673,0.8321
329.6183394,-36.8052870,21.9589928,-2.9810967,0.054636,9.4892,0.8737
329.8682396,-36.7636879,21.7125875,-2.9676700,0.052824,9.5122,0.9152
330.1181398,-36.7188380,21.4667435,-2.9546948,0.051019,9.5362,0.9567
330.3680399,-36.6708590,21.2214989,-2.9421705,0.049218,9.5613,0.9981
330.6179401,-36.6198658,20.9768566,-2.9300950,0.047425,9.5873,1.0396
330.8678403,-36.5659778,20.7328400,-2.9184672,0.045637,9.6144,1.0811
331.1177405,-36.5093097,20.4894508,-2.9072848,0.043858,9.6424,1.1226
331.3676407,-36.4499779,20.2466989,-2.8965466,0.042083,9.6715,1.1643
331.6175408,-36.3880965,20.0045846,-2.8862508,0.040319,9.7015,1.2060
331.8674410,-36.3237781,19.7631037,-2.8763949,0.038560,9.7325,1.2479
332.1173412,-36.2571374,19.5222561,-2.8669924,0.036662,9.7645,1.2942
332.3672414,-36.1882918,19.2820252,-2.8580721,0.034729,9.7976,1.3419
332.6171416,-36.1173664,19.0424049,-2.8496528,0.032617,9.8318,1.3953
332.8670417,-36.0444887,18.8033655,-2.8417713,0.030460,9.8672,1.4506
333.1169419,-35.9697953,18.5648953,-2.8344215,0.028377,9.9038,1.5043
333.3668421,-35.8934098,18.3269515,-2.8275882,0.026311,9.9417,1.5582
333.6167423,-35.8154656,18.0895268,-2.8212746,0.024214,9.9808,1.6137
333.8666425,-35.7360813,17.8525636,-2.8154862,0.022111,10.0211,1.6701
334.1165427,-35.6553946,17.6160598,-2.8102221,0.020023,10.0627,1.7269
334.3664428,-35.5735186,17.3799428,-2.8054786,0.017938,10.1055,1.7844
334.6163430,-35.4905931,17.1442182,-2.8012567,0.015852,10.1495,1.8429
334.8662432,-35.4067251,16.9087977,-2.7975560,0.013765,10.1948,1.9024
335.1161434,-35.3220583,16.6736964,-2.7943766,0.011683,10.2413,1.9627
335.3660436,-35.2366937,16.4388107,-2.7917166,0.009604,10.2891,2.0240
335.6159437,-35.1507786,16.2041664,-2.7895762,0.007528,10.3381,2.0862
335.8658439,-35.0644078,15.9696450,-2.7879538,0.005455,10.3884,2.1496
336.1157441,-34.9777330,15.7352839,-2.7868490,0.003388,10.4400,2.2140
336.3656443,-34.8908428,15.5009506,-2.7862601,0.001324,10.4929,2.2795
336.6155445,-34.8038931,15.2666948,-2.7861863,-0.000733,10.5470,2.2970
336.8654447,-34.7169671,15.0323713,-2.7866261,-0.002786,10.6013,2.2254
337.1153448,-34.6302244,14.7980421,-2.7875779,-0.004832,10.6537,0.2784
337.3652450,-34.5437435,14.5635507,-2.7890407,-0.006873,10.6602,-2.3788
337.6151452,-34.4576874,14.3289710,-2.7910119,-0.008902,10.6043,-2.3122
337.8650454,-34.3721306,14.0941383,-2.7934897,-0.010925,10.5496,-2.2467
338.1149456,-34.2872384,13.8591363,-2.7964735,-0.012959,10.4963,-2.1824
338.3648457,-34.2030844,13.6237957,-2.7999663,-0.014991,10.4442,-2.1214
338.6147459,-34.1198363,13.3882103,-2.8039591,-0.016960,10.3933,-2.0621
338.8646461,-34.0375628,13.1522032,-2.8084421,-0.018912,10.3436,-2.0104
339.1145463,-33.9564300,12.9158859,-2.8133899,-0.020661,10.2949,-1.9610
339.3644465,-33.8764916,12.6790733,-2.8187674,-0.022368,10.2472,-1.9133
339.6143466,-33.7979042,12.4418971,-2.8245661,-0.024044,10.2004,-1.8668
339.8642468,-33.7207173,12.2041726,-2.8307842,-0.025712,10.1546,-1.8204
340.1141470,-33.6450842,11.9660349,-2.8374192,-0.027401,10.1097,-1.7747
340.3640472,-33.5710602,11.7273091,-2.8444793,-0.029093,10.0657,-1.7301
340.6139474,-33.4987957,11.4881250,-2.8519584,-0.030771,10.0227,-1.6863
340.8638476,-33.4283518,11.2483212,-2.8598586,-0.032447,9.9806,-1.6429
341.1137477,-33.3598740,11.0080219,-2.8681758,-0.034128,9.9393,-1.6002
341.3636479,-33.2934301,10.7670827,-2.8769158,-0.035811,9.8990,-1.5581
341.6135481,-33.2291614,10.5256195,-2.8860742,-0.037494,9.8596,-1.5164
341.8634483,-33.1671433,10.2835074,-2.8956557,-0.039179,9.8211,-1.4752
342.1133485,-33.1075117,10.0408531,-2.9056566,-0.040869,9.7835,-1.4344
342.3632486,-33.0503500,9.7975530,-2.9160826,-0.042564,9.7468,-1.3939
342.6131488,-32.9957895,9.5537038,-2.9269309,-0.044265,9.7110,-1.3537
342.8630490,-32.9439211,9.3092250,-2.9382071,-0.045973,9.6761,-1.3136
343.1129492,-32.8948723,9.0642033,-2.9499094,-0.047691,9.6421,-1.2737
343.3628494,-32.8487409,8.8185817,-2.9620439,-0.049418,9.6090,-1.2338
343.6127496,-32.8056514,8.5724379,-2.9746099,-0.051158,9.5769,-1.1940
343.8626497,-32.7657083,8.3257386,-2.9876138,-0.052911,9.5457,-1.1540
344.1125499,-32.7290337,8.0785536,-3.0010564,-0.054681,9.5154,-1.1138
344.3624501,-32.6957379,7.8308734,-3.0149447,-0.056468,9.4861,-1.0733
344.6123503,-32.6659423,7.5827619,-3.0292812,-0.058277,9.4578,-1.0326
344.8622505,-32.6397620,7.3342324,-3.0440732,-0.060106,9.4305,-0.9914
345.1121506,-32.6173184,7.0853450,-3.0593243,-0.061958,9.4042,-0.9498
345.3620508,-32.5987308,6.8361355,-3.0750419,-0.063834,9.3789,-0.9063
345.6119510,-32.5841212,6.5866623,-3.0912352,-0.065786,9.3547,-0.8614
345.8618512,-32.5736150,6.3369841,-3.1079259,-0.067796,9.3317,-0.8148
346.1117514,-32.5673406,6.0871605,-3.1251259,-0.069878,9.3098,-0.7666
346.3616515,-32.5654297,5.8372711,3.1403301,-0.072018,9.2892,-0.7183
346.6115517,-32.5680165,5.5873817,3.1220638,-0.074161,9.2699,-0.6695
346.8614519,-32.5752337,5.3375905,3.1032617,-0.076322,9.2518,-0.6196
347.1113521,-32.5872142,5.0879740,3.0839143,-0.078523,9.2351,-0.5683
347.3612523,-32.6040900,4.8386496,3.0640113,-0.080773,9.2197,-0.5158
347.6111525,-32.6259957,4.5897069,3.0435404,-0.083059,9.2057,-0.4618
347.8610526,-32.6530629,4.3412824,3.0224934,-0.085394,9.1932,-0.4061
348.1109528,-32.6854264,4.0934824,3.0008559,-0.087777,9.1821,-0.3485
348.3608530,-32.7232164,3.8464611,2.9786161,-0.090223,9.1726,-0.2888
348.6107532,-32.7665678,3.6003456,2.9557569,-0.092726,9.1648,-0.2267
348.8606534,-32.8156092,3.3553082,2.9322642,-0.095303,9.1586,-0.1846
349.1105535,-32.8704715,3.1115025,2.9081712,-0.097070,9.1535,-0.1636
349.3604537,-32.9312287,2.8691016,2.8837993,-0.097994,9.1491,-0.1516
349.6103539,-32.9979035,2.6282585,2.8592119,-0.098555,9.1449,-0.1499
349.8602541,-33.0704888,2.3891289,2.8345652,-0.098706,9.1408,-0.1476
350.1101543,-33.1489470,2.1518724,2.8098740,-0.098879,9.1368,-0.1458
350.3600545,-33.2332471,1.9166168,2.7851454,-0.099032,9.1328,-0.1439
350.6099546,-33.3233372,1.6835345,2.7603758,-0.099189,9.1289,-0.1417
350.8598548,-33.4191848,1.4527375,2.7355681,-0.099356,9.1250,-0.1395
351.1097550,-33.5207266,1.2244060,2.7107140,-0.099525,9.1212,-0.1374
351.3596552,-33.6279246,0.9986516,2.6858232,-0.099683,9.1174,-0.1344
351.6095554,-33.7406909,0.7756808,2.6608883,-0.099880,9.1137,-0.1336
351.8594555,-33.8590022,0.5555636,2.6359132,-0.099987,9.1100,-0.1336
352.1093557,-33.9827519,0.3385120,2.6109216,-0.100066,9.1064,-0.1330
352.3592559,-34.1119131,0.1245833,2.5859024,-0.100167,9.1027,-0.1330
352.6091561,-34.2463795,-0.0860320,2.5608607,-0.100239,9.0991,-0.1329
352.8590563,-34.3860899,-0.2932293,2.5358015,-0.100323,9.0954,-0.1326
353.1089564,-34.5309449,-0.4968507,2.5107168,-0.100411,9.0918,-0.1326
353.3588566,-34.6808677,-0.6967798,2.4856180,-0.100466,9.0881,-0.1318
353.6087568,-34.8357548,-0.8928728,2.4605030,-0.100522,9.0845,-0.1311
353.8586570,-34.9955254,-1.0850218,2.4353776,-0.100568,9.0809,-0.1302
354.1085572,-35.1600664,-1.2730918,2.4103344,-0.098921,9.0773,-0.0872
354.3584574,-35.3292075,-1.4570481,2.3860744,-0.095244,9.0749,0.0053
354.6083575,-35.5026761,-1.6369257,2.3627638,-0.090967,9.0751,0.1114
354.8582577,-35.6801891,-1.8128174,2.3406583,-0.085953,9.0781,0.2342
355.1081579,-35.8614360,-1.9848526,2.3197999,-0.080995,9.0846,0.3542
355.3580581,-36.0461305,-2.1531868,2.3001750,-0.076069,9.0943,0.4723
355.6079583,-36.2339877,-2.3179763,2.2817778,-0.071182,9.1073,0.5887
355.8578584,-36.4247503,-2.4794015,2.2645971,-0.066320,9.1234,0.7038
356.1077586,-36.6181575,-2.6376395,2.2486291,-0.061493,9.1427,0.8177
356.3576588,-36.8139775,-2.7928901,2.2338620,-0.056691,9.1650,0.9310
356.6075590,-37.0119731,-2.9453478,2.2202953,-0.051888,9.1904,1.0445
356.8574592,-37.2119337,-3.0952291,2.2079293,-0.047080,9.2187,1.1586
357.1073594,-37.4136384,-3.2427436,2.1967633,-0.042300,9.2501,1.2726
357.3572595,-37.6168969,-3.3881218,2.1867872,-0.037541,9.2844,1.3870
357.6071597,-37.8215008,-3.5315794,2.1779846,-0.033030,9.3216,1.4962
357.8570599,-38.0272925,-3.6733500,2.1702665,-0.028740,9.3617,1.6008
358.1069601,-38.2340865,-3.8136314,2.1636111,-0.024598,9.4043,1.7029
358.3568603,-38.4417532,-3.9526482,2.1579645,-0.020593,9.4494,1.8029
358.6067604,-38.6501213,-4.0905872,2.1533231,-0.016525,9.4970,1.9064
358.8566606,-38.8590704,-4.2276733,2.1497080,-0.012408,9.5470,2.0132
359.1065608,-39.0684298,-4.3641017,2.1471184,-0.008336,9.5996,2.1208
359.3564610,-39.2780881,-4.5001034,2.1455395,-0.004302,9.6546,2.2297
359.6063612,-39.4878772,-4.6358697,2.1449681,-0.000265,9.7122,2.3412
359.8562613,-39.6976924,-4.7716332,2.1454068,0.003773,9.7722,2.2383
360.1061615,-39.9073635,-4.9075839,2.1468530,0.007802,9.8293,-0.4528
360.3560617,-40.1167857,-5.0439539,2.1493051,0.011819,9.8178,-2.1984
360.6059619,-40.3257884,-5.1809314,2.1527598,0.015833,9.7617,-2.0879
360.8558621,-40.5342634,-5.3187453,2.1572180,0.019842,9.7081,-1.9797
361.1057623,-40.7420380,-5.4575816,2.1626766,0.023849,9.6570,-1.8736
361.3556624,-40.9489953,-5.5976630,2.1691371,0.027852,9.6084,-1.7693
361.6055626,-41.1549605,-5.7391730,2.1765971,0.031858,9.5623,-1.6665
361.8554628,-41.3598035,-5.8823260,2.1850595,0.035865,9.5186,-1.5652
362.1053630,-41.5633466,-6.0273029,2.1945228,0.039879,9.4774,-1.4648
362.3552632,-41.7654419,-6.1743063,2.2049915,0.043901,9.4387,-1.3657
362.6051633,-41.9659072,-6.3235141,2.2164647,0.047923,9.4025,-1.2673
362.8550635,-42.1645743,-6.4751144,2.2289442,0.051951,9.3687,-1.1686
363.1049637,-42.3612550,-6.6292800,2.2424326,0.056021,9.3375,-1.0693
363.3548639,-42.5557578,-6.7861837,2.2569469,0.060140,9.3089,-0.9714
363.6047641,-42.7478842,-6.9459956,2.2724889,0.064221,9.2827,-0.8743
363.8546643,-42.9374165,-7.1088665,2.2890446,0.068281,9.2592,-0.7756
364.1045644,-43.1241487,-7.2749538,2.3066211,0.072407,9.2382,-0.6746
364.3544646,-43.3078370,-7.4443855,2.3252408,0.076616,9.2200,-0.5630
364.6043648,-43.4882560,-7.6173124,2.3449389,0.081226,9.2047,-0.4386
364.8542650,-43.6651181,-7.7938580,2.3658715,0.086311,9.1928,-0.3209
365.1041652,-43.8381409,-7.9741866,2.3880633,0.091099,9.1840,-0.2108
365.3540653,-44.0070068,-8.1583985,2.4113828,0.095545,9.1783,-0.1477
365.6039655,-44.1714329,-8.3465917,2.4357194,0.098112,9.1743,-0.1477
365.8538657,-44.3312002,-8.5387521,2.4602443,0.098176,9.1703,-0.1478
366.1037659,-44.4862055,-8.7347752,2.4847943,0.098272,9.1662,-0.1472
366.3536661,-44.6363539,-8.9345505,2.5093648,0.098377,9.1622,-0.1456
366.6035662,-44.7815366,-9.1379444,2.5339702,0.098520,9.1582,-0.1443
366.8534664,-44.9216798,-9.3448684,2.5586070,0.098651,9.1543,-0.1423
367.1033666,-45.0566606,-9.5551553,2.5832815,0.098811,9.1504,-0.1407
367.3532668,-45.1864284,-9.7687445,2.6079933,0.098954,9.1466,-0.1385
367.6031670,-45.3108500,-9.9854337,2.6327426,0.099116,9.1428,-0.1372
367.8530672,-45.4298915,-10.2051835,2.6575294,0.099245,9.1390,-0.1354
368.1029673,-45.5434172,-10.4277598,2.6823477,0.099396,9.1353,-0.1346
368.3528675,-45.6514051,-10.6531390,2.7072020,0.099503,9.1317,-0.1340
368.6027677,-45.7537324,-10.8810801,2.7320775,0.099601,9.1280,-0.1337
368.8526679,-45.8503756,-11.1115459,2.7569798,0.099690,9.1243,-0.1334
369.1025681,-45.9412336,-11.3443105,2.7819026,0.099776,9.1207,-0.1334
369.3524682,-46.0262727,-11.5793022,2.8068449,0.099840,9.1170,-0.1329
369.6023684,-46.1054139,-11.8163154,2.8318040,0.099905,9.1134,-0.1325
369.8522686,-46.1786216,-12.0552560,2.8567748,0.099942,9.1097,-0.1313
370.1021688,-46.2458311,-12.2959205,2.8817571,0.100000,9.1061,-0.1306
370.3520690,-46.3070114,-12.5382091,2.9067489,0.100015,9.1026,-0.1289
370.6019692,-46.3621142,-12.7819346,2.9317417,0.100008,9.0990,-0.1267
370.8518693,-46.4111119,-13.0269729,2.9567304,0.099992,9.0955,-0.1243
371.1017695,-46.4539720,-13.2731600,2.9817187,0.099980,9.0921,-0.1220
371.3516697,-46.4906678,-13.5203358,3.0066969,0.099939,9.0888,-0.1191
371.6015699,-46.5211807,-13.7683596,3.0316691,0.099901,9.0855,-0.1163
371.8514701,-46.5454917,-14.0170549,3.0566245,0.099839,9.0823,-0.1129
372.1013702,-46.5635922,-14.2662974,3.0815693,0.099778,9.0792,-0.1096
372.3512704,-46.5754721,-14.5158921,3.1064909,0.099695,9.0762,-0.1058
372.6011706,-46.5811311,-14.7657336,3.1313981,0.099613,9.0733,-0.1021
372.8510708,-46.5805698,-15.0156090,-3.1269101,0.099507,9.0704,-0.0978
373.1009710,-46.5737948,-15.2654210,-3.1020506,0.099431,9.0677,-0.0944
373.3508711,-46.5608175,-15.5149511,-3.0772184,0.099329,9.0651,-0.0904
373.6007713,-46.5416476,-15.7641260,-3.0524074,0.099206,9.0627,-0.0859
373.8506715,-46.5163114,-16.0127047,-3.0276367,0.099073,9.0603,-0.0813
374.1005717,-46.4848214,-16.2606395,-3.0028868,0.098956,9.0580,-0.0771
374.3504719,-46.4472191,-16.5076619,-2.9781799,0.098812,9.0559,-0.0724
374.6003721,-46.4035195,-16.7537332,-2.9534955,0.098707,9.0539,-0.0686
374.8502722,-46.3537759,-16.9985938,-2.9288487,0.098577,9.0520,-0.0643
375.1001724,-46.2980016,-17.2422169,-2.9042253,0.098441,9.0502,-0.0600
375.3500726,-46.2362670,-17.4843340,-2.8796493,0.098284,9.0486,-0.0552
375.5999728,-46.1685867,-17.7249250,-2.8550964,0.098178,9.0471,-0.0517
375.8498730,-46.0950456,-17.9637154,-2.8305830,0.098042,9.0456,-0.0475
376.0997731,-46.0156533,-18.2007014,-2.8060928,0.097911,9.0443,-0.0436
376.3496733,-45.9305115,-18.4356059,-2.7816487,0.097761,9.0431,-0.0392
376.5995735,-45.8396257,-18.6684391,-2.7572251,0.097648,9.0420,-0.0358
376.8494737,-45.7431139,-18.8989177,-2.7328446,0.097512,9.0410,-0.0319
377.0993739,-45.6409887,-19.1270333,-2.7084789,0.097453,9.0402,-0.0300
377.3492741,-45.5333617,-19.3525465,-2.6841386,0.097372,9.0393,-0.0275
377.5991742,-45.4202625,-19.5754070,-2.6598118,0.097105,9.0386,-0.0205
377.8490744,-45.3018073,-19.7954366,-2.6356967,0.095911,9.0380,0.0092
378.0989746,-45.1781041,-20.0125784,-2.6118732,0.094541,9.0383,0.0427
378.3488748,-45.0493158,-20.2267356,-2.5885593,0.092052,9.0394,0.1034
378.5987750,-44.9156382,-20.4378688,-2.5658594,0.089628,9.0423,0.1615
378.8486751,-44.7772565,-20.6459683,-2.5437595,0.087240,9.0468,0.2181
379.0985753,-44.6343863,-20.8509795,-2.5222517,0.084909,9.0528,0.2726
379.3484755,-44.4871765,-21.0529429,-2.5013179,0.082619,9.0603,0.3255
379.5983757,-44.3358570,-21.2517862,-2.4809545,0.080376,9.0693,0.3768
379.8482759,-44.1805389,-21.4475945,-2.4611427,0.078166,9.0797,0.4268
380.0981760,-44.0214679,-21.6402804,-2.4418838,0.075994,9.0914,0.4755
380.3480762,-43.8587174,-21.8299678,-2.4231580,0.073853,9.1045,0.5232
380.5979764,-43.6925497,-22.0165565,-2.4049698,0.071741,9.1188,0.5698
380.8478766,-43.5230013,-22.2002036,-2.3872982,0.069664,9.1344,0.6154
381.0977768,-43.3503501,-22.3807995,-2.3701500,0.067608,9.1512,0.6603
381.3476770,-43.1745980,-22.5585279,-2.3535054,0.065574,9.1692,0.7046
381.5975771,-42.9960371,-22.7332742,-2.3373746,0.063557,9.1884,0.7483
381.8474773,-42.8146376,-22.9052433,-2.3217353,0.061578,9.2088,0.7911
382.0973775,-42.6307040,-23.0743173,-2.3065966,0.059612,9.2302,0.8336
382.3472777,-42.4441777,-23.2407162,-2.2919364,0.057686,9.2527,0.8751
382.5971779,-42.2553665,-23.4043273,-2.2777642,0.055765,9.2763,0.9166
382.8470780,-42.0642042,-23.5653702,-2.2640984,0.053575,9.3010,0.9652
383.0969782,-41.8709906,-23.7237676,-2.2509871,0.051381,9.3269,1.0142
383.3468784,-41.6756759,-23.8797411,-2.2384522,0.048910,9.3540,1.0707
383.5967786,-41.4785514,-24.0332519,-2.2265418,0.046432,9.3826,1.1276
383.8466788,-41.2795767,-24.1845263,-2.2152311,0.044076,9.4126,1.1817
384.0965790,-41.0790287,-24.3335399,-2.2045126,0.041724,9.4439,1.2361
384.3464791,-40.8768589,-24.4805121,-2.1943812,0.039342,9.4766,1.2918
384.5963793,-40.6733312,-24.6254345,-2.1848495,0.036956,9.5106,1.3481
384.8462795,-40.4683991,-24.7685233,-2.1759103,0.034574,9.5459,1.4049
385.0961797,-40.2623103,-24.9097868,-2.1675695,0.032189,9.5826,1.4624
385.3460799,-40.0550231,-25.0494344,-2.1598222,0.029804,9.6207,1.5207
385.5959800,-39.8467671,-25.1874907,-2.1526738,0.027414,9.6601,1.5798
385.8458802,-39.6375084,-25.3241575,-2.1461210,0.025021,9.7009,1.6398
386.0957804,-39.4274572,-25.4594759,-2.1401685,0.022623,9.7430,1.7009
386.3456806,-39.2165904,-25.5936389,-2.1348141,0.020224,9.7866,1.7630
386.5955808,-39.0050981,-25.7267032,-2.1300611,0.017819,9.8315,1.8262
386.8454809,-38.7929698,-25.8588528,-2.1259083,0.015412,9.8778,1.8906
387.0953811,-38.5803753,-25.9901590,-2.1223583,0.013001,9.9255,1.9562
387.3452813,-38.3673185,-26.1207962,-2.1194106,0.010588,9.9746,2.0231
387.5951815,-38.1539491,-26.2508498,-2.1170668,0.008171,10.0252,2.0914
387.8450817,-37.9402867,-26.3804840,-2.1153242,0.005775,10.0772,2.1605
388.0949819,-37.7264606,-26.5097956,-2.1141804,0.003379,10.1306,2.2309
388.3448820,-37.5125042,-26.6389342,-2.1135763,0.001491,10.1855,2.2870
388.5947822,-37.2985142,-26.7679843,-2.1134350,-0.000360,10.2415,2.3204
388.8446824,-37.0845174,-26.8970470,-2.1135601,-0.000522,10.2979,2.3132
389.0945826,-36.8705439,-27.0261337,-2.1136949,-0.000556,10.3539,2.3101
389.3444828,-36.6565823,-27.1552499,-2.1137941,-0.000211,10.4095,2.3193
389.5943829,-36.4426293,-27.2843762,-2.1138003,0.000162,10.4651,2.3190
389.8442831,-36.2286709,-27.4134960,-2.1137349,0.000348,10.5203,2.3109
390.0941833,-36.0147014,-27.5425970,-2.1136265,0.000520,10.5750,2.3031
390.3440835,-35.8007166,-27.6716726,-2.1135100,0.000392,10.6293,2.3055
390.5939837,-35.5867189,-27.8007274,-2.1134309,0.000241,10.6834,2.3086
390.8438839,-35.3727131,-27.9297684,-2.1133786,0.000183,10.7373,2.3087
391.0937840,-35.1587013,-28.0587998,-2.1133394,0.000131,10.7909,2.3086
391.3436842,-34.9446851,-28.1878237,-2.1133075,0.000127,10.8442,2.3069
391.5935844,-34.7306648,-28.3168408,-2.1132757,0.000127,10.8972,2.3050
391.8434846,-34.5166404,-28.4458511,-2.1132440,0.000127,10.9500,2.3031
392.0933848,-34.3026120,-28.5748547,-2.1132124,0.000126,11.0024,2.3012
392.3432849,-34.0885794,-28.7038515,-2.1131809,0.000126,11.0545,2.2994
392.5931851,-33.8745429,-28.8328416,-2.1131495,0.000125,11.1064,2.2975
392.8430853,-33.6605022,-28.9618249,-2.1131183,0.000125,11.1580,2.2956
393.0929855,-33.4464576,-29.0908016,-2.1130871,0.000125,11.2093,2.2938
393.3428857,-33.2324089,-29.2197716,-2.1130559,0.000124,11.2603,2.2919
393.5927858,-33.0183562,-29.3487350,-2.1130249,0.000124,11.3110,2.2900
393.8426860,-32.8042995,-29.4776917,-2.1129940,0.000123,11.3615,2.2882
394.0925862,-32.5902388,-29.6066418,-2.1129632,0.000123,11.4117,2.2863
394.3424864,-32.3761742,-29.7355854,-2.1129325,0.000123,11.4617,2.2844
394.5923866,-32.1621056,-29.8645223,-2.1129019,0.000122,11.5114,2.2826
394.8422868,-31.9480331,-29.9934528,-2.1128713,0.000122,11.5608,2.2807
395.0921869,-31.7339567,-30.1223767,-2.1128409,0.000122,11.6100,2.2789
395.3420871,-31.5198763,-30.2512941,-2.1128106,0.000121,11.6590,2.2770
395.5919873,-31.3057920,-30.3802050,-2.1127803,0.000121,11.7077,2.2752
395.8418875,-31.0917038,-30.5091094,-2.1127502,0.000120,11.7562,2.2733
396.0917877,-30.8776118,-30.6380074,-2.1127201,0.000120,11.8044,2.2715
396.3416878,-30.6635159,-30.7668990,-2.1126902,0.000120,11.8524,2.2696
396.5915880,-30.4494161,-30.8957842,-2.1126603,0.000119,11.9001,2.2678
396.8414882,-30.2353125,-31.0246630,-2.1126305,0.000119,11.9477,2.2659
397.0913884,-30.0212050,-31.1535354,-2.1126009,0.000118,11.9950,2.2641
397.3412886,-29.8070938,-31.2824015,-2.1125713,0.000118,12.0420,2.2623
397.5911888,-29.5929787,-31.4112612,-2.1125418,0.000118,12.0889,2.2604
397.8410889,-29.3788599,-31.5401147,-2.1125124,0.000117,12.1355,2.2586
398.0909891,-29.1647372,-31.6689619,-2.1124832,0.000117,12.1819,2.2568
398.3408893,-28.9506108,-31.7978028,-2.1124540,0.000117,12.2282,2.2549
398.5907895,-28.7364807,-31.9266375,-2.1124249,0.000116,12.2742,2.2531
398.8406897,-28.5223468,-32.0554660,-2.1123959,0.000116,12.3199,2.2513
399.0905898,-28.3082091,-32.1842883,-2.1123670,0.000116,12.3655,2.2494
399.3404900,-28.0940678,-32.3131043,-2.1123382,0.000115,12.4109,2.2476
399.5903902,-27.8799227,-32.4419143,-2.1123095,0.000115,12.4561,2.2458
399.8402904,-27.6657740,-32.5707181,-2.1122809,0.000114,12.5010,2.2440
400.0901906,-27.4516216,-32.6995158,-2.1122523,0.000114,12.5458,2.2422
400.3400908,-27.2374655,-32.8283073,-2.1122239,0.000113,12.5904,2.2403
400.5899909,-27.0233058,-32.9570928,-2.1121956,0.000113,12.6348,2.2385
400.8398911,-26.8091424,-33.0858723,-2.1121674,0.000113,12.6790,2.2367
401.0897913,-26.5949754,-33.2146457,-2.1121392,0.000112,12.7230,2.2349
401.3396915,-26.3808047,-33.3434131,-2.1121112,0.000112,12.7668,2.2331
401.5895917,-26.1666305,-33.4721745,-2.1120833,0.000112,12.8105,2.2313
401.8394918,-25.9524527,-33.6009299,-2.1120554,0.000111,12.8539,2.2295
402.0893920,-25.7382713,-33.7296794,-2.1120277,0.000111,12.8972,2.2277
402.3392922,-25.5240863,-33.8584230,-2.1120000,0.000111,12.9403,2.2259
402.5891924,-25.3098978,-33.9871606,-2.1119724,0.000110,12.9832,2.2241
402.8390926,-25.0957057,-34.1158923,-2.1119450,0.000110,13.0259,2.2223
403.0889927,-24.8815101,-34.2446182,-2.1119176,0.000109,13.0685,2.2205
403.3388929,-24.6673110,-34.3733382,-2.1118903,0.000109,13.1109,2.2187
403.5887931,-24.4531084,-34.5020524,-2.1118632,0.000109,13.1531,2.2169
403.8386933,-24.2389023,-34.6307608,-2.1118361,0.000108,13.1952,2.2151
404.0885935,-24.0246927,-34.7594633,-2.1118091,0.000108,13.2370,2.2133
404.3384937,-23.8104796,-34.8881601,-2.1117822,0.000107,13.2788,2.2115
404.5883938,-23.5962631,-35.0168512,-2.1117554,0.000107,13.3203,2.2097
404.8382940,-23.3820432,-35.1455365,-2.1117287,0.000107,13.3617,2.2079
405.0881942,-23.1678198,-35.2742161,-2.1117021,0.000106,13.4029,2.2061
405.3380944,-22.9535930,-35.4028901,-2.1116756,0.000106,13.4440,2.2044
405.5879946,-22.7393628,-35.5315583,-2.1116491,0.000106,13.4849,2.2026
405.8378947,-22.5251292,-35.6602209,-2.1116228,0.000105,13.5257,2.2008
406.0877949,-22.3108922,-35.7888779,-2.1115966,0.000105,13.5663,2.1990
406.3376951,-22.0966519,-35.9175292,-2.1115704,0.000104,13.6067,2.1972
406.5875953,-21.8824082,-36.0461750,-2.1115444,0.000104,13.6470,2.1955
406.8374955,-21.6681611,-36.1748152,-2.1115184,0.000104,13.6872,2.1937
407.0873957,-21.4539107,-36.3034499,-2.1114926,0.000103,13.7272,2.1919
407.3372958,-21.2396570,-36.4320790,-2.1114668,0.000103,13.7670,2.1901
407.5871960,-21.0254000,-36.5607026,-2.1114412,0.000102,13.8067,2.1884
407.8370962,-20.8111397,-36.6893207,-2.1114156,0.000102,13.8463,2.1866
408.0869964,-20.5968761,-36.8179334,-2.1113901,0.000102,13.8857,2.1848
408.3368966,-20.3826092,-36.9465406,-2.1113647,0.000101,13.9249,2.1831
408.5867967,-20.1683391,-37.0751424,-2.1113394,0.000101,13.9641,2.0113
408.8366969,-19.9540658,-37.2037387,-2.1113142,0.000101,14.0000,0.0000
409.0865971,-19.7397892,-37.3323297,-2.1112891,0.000100,14.0000,0.0000
409.3364973,-19.5255093,-37.4609153,-2.1112641,0.000100,14.0000,0.0000
409.5863975,-19.3112263,-37.5894956,-2.1112392,0.000100,14.0000,0.0000
409.8362976,-19.0969401,-37.7180705,-2.1112144,0.000099,14.0000,0.0000
410.0861978,-18.8826507,-37.8466401,-2.1111896,0.000099,14.0000,0.0000
410.3360980,-18.6683581,-37.9752045,-2.1111650,0.000098,14.0000,0.0000
410.5859982,-18.4540623,-38.1037635,-2.1111405,0.000098,14.0000,0.0000
410.8358984,-18.2397634,-38.2323173,-2.1111160,0.000098,14.0000,0.0000
411.0857986,-18.0254614,-38.3608659,-2.1110916,0.000097,14.0000,0.0000
411.3356987,-17.8111562,-38.4894093,-2.1110674,0.000097,14.0000,0.0000
411.5855989,-17.5968479,-38.6179474,-2.1110432,0.000097,14.0000,0.0000
411.8354991,-17.3825366,-38.7464804,-2.1110191,0.000096,14.0000,0.0000
412.0853993,-17.1682221,-38.8750083,-2.1109951,0.000096,14.0000,0.0000
412.3352995,-16.9539045,-39.0035310,-2.1109712,0.000096,14.0000,0.0000
412.5851996,-16.7395839,-39.1320486,-2.1109474,0.000095,14.0000,0.0000
412.8350998,-16.5252603,-39.2605611,-2.1109237,0.000095,14.0000,0.0000
413.0850000,-16.3109336,-39.3890686,-2.1109001,0.000094,14.0000,0.0000
413.3349002,-16.0966038,-39.5175710,-2.1108765,0.000094,14.0000,0.0000
413.5848004,-15.8822711,-39.6460683,-2.1108531,0.000094,14.0000,0.0000
413.8347006,-15.6679353,-39.7745607,-2.1108297,0.000093,14.0000,0.0000
414.0846007,-15.4535965,-39.9030480,-2.1108065,0.000093,14.0000,0.0000
414.3345009,-15.2392548,-40.0315304,-2.1107833,0.000092,14.0000,0.0000
414.5844011,-15.0249101,-40.1600078,-2.1107602,0.000092,14.0000,0.0000
414.8343013,-14.8105624,-40.2884803,-2.1107372,0.000092,14.0000,0.0000
415.0842015,-14.5962118,-40.4169478,-2.1107143,0.000091,14.0000,0.0000
415.3341016,-14.3818582,-40.5454105,-2.1106915,0.000091,14.0000,0.0000
415.5840018,-14.1675018,-40.6738683,-2.1106688,0.000091,14.0000,0.0000
415.8339020,-13.9531424,-40.8023212,-2.1106462,0.000090,14.0000,0.0000
416.0838022,-13.7387801,-40.9307693,-2.1106237,0.000090,14.0000,0.0000
416.3337024,-13.5244149,-41.0592125,-2.1106012,0.000090,14.0000,0.0000
