s_m,x_m,y_m,psi_rad,kappa_radpm,vx_mps,ax_mps2
0.0000000,-13.3105964,-41.1888313,-2.1104506,0.000091,14.0000,0.0000
0.2499299,-13.0961834,-41.3172527,-2.1104274,0.000095,14.0000,0.0000
0.4998598,-12.8817674,-41.4456690,-2.1104032,0.000099,14.0000,0.0000
0.7497898,-12.6673483,-41.5740800,-2.1103780,0.000103,14.0000,0.0000
0.9997197,-12.4529258,-41.7024855,-2.1103518,0.000107,14.0000,0.0000
1.2496496,-12.2384999,-41.8308852,-2.1103245,0.000111,14.0000,0.0000
1.4995795,-12.0240704,-41.9592790,-2.1102962,0.000115,14.0000,0.0000
1.7495094,-11.8096372,-42.0876666,-2.1102668,0.000120,14.0000,0.0000
1.9994394,-11.5952002,-42.2160478,-2.1102364,0.000124,14.0000,0.0000
2.2493693,-11.3807592,-42.3444224,-2.1102050,0.000128,14.0000,0.0000
2.4992992,-11.1663141,-42.4727901,-2.1101726,0.000132,14.0000,0.0000
2.7492291,-10.9518649,-42.6011508,-2.1101391,0.000136,14.0000,0.0000
2.9991591,-10.7374112,-42.7295042,-2.1101047,0.000140,14.0000,0.0000
3.2490890,-10.5229530,-42.8578500,-2.1100691,0.000144,14.0000,0.0000
3.4990189,-10.3084902,-42.9861882,-2.1100326,0.000148,14.0000,0.0000
3.7489488,-10.0940227,-43.1145184,-2.1099950,0.000152,14.0000,0.0000
3.9988787,-9.8795503,-43.2428404,-2.1099564,0.000157,14.0000,0.0000
4.2488087,-9.6650728,-43.3711540,-2.1099168,0.000161,14.0000,0.0000
4.4987386,-9.4505902,-43.4994591,-2.1098761,0.000165,14.0000,0.0000
4.7486685,-9.2361023,-43.6277553,-2.1098344,0.000169,14.0000,0.0000
4.9985984,-9.0216090,-43.7560424,-2.1097917,0.000173,14.0000,0.0000
5.2485283,-8.8071102,-43.8843203,-2.1097479,0.000177,14.0000,0.0000
5.4984583,-8.5926057,-44.0125886,-2.1097032,0.000181,14.0000,0.0000
5.7483882,-8.3780953,-44.1408473,-2.1096574,0.000185,14.0000,0.0000
5.9983181,-8.1635791,-44.2690960,-2.1096105,0.000189,14.0000,0.0000
6.2482480,-7.9490567,-44.3973346,-2.1095627,0.000194,14.0000,0.0000
6.4981779,-7.7345282,-44.5255628,-2.1095138,0.000198,14.0000,0.0000
6.7481079,-7.5199933,-44.6537804,-2.1094638,0.000202,14.0000,0.0000
6.9980378,-7.3054519,-44.7819871,-2.1094129,0.000206,14.0000,0.0000
7.2479677,-7.0909040,-44.9101828,-2.1093609,0.000210,14.0000,0.0000
7.4978976,-6.8763493,-45.0383673,-2.1093079,0.000214,14.0000,0.0000
7.7478275,-6.6617878,-45.1665403,-2.1092539,0.000218,14.0000,0.0000
7.9977575,-6.4472193,-45.2947016,-2.1091988,0.000222,14.0000,0.0000
8.2476874,-6.2326436,-45.4228509,-2.1091427,0.000227,14.0000,0.0000
8.4976173,-6.0180607,-45.5509881,-2.1090856,0.000231,14.0000,0.0000
8.7475472,-5.8034704,-45.6791130,-2.1090275,0.000235,14.0000,0.0000
8.9974772,-5.5888726,-45.8072252,-2.1089683,0.000239,14.0000,0.0000
9.2474071,-5.3742672,-45.9353247,-2.1089081,0.000243,14.0000,0.0000
9.4973370,-5.1596539,-46.0634111,-2.1088468,0.000247,14.0000,0.0000
9.7472669,-4.9450328,-46.1914842,-2.1087846,0.000251,14.0000,0.0000
9.9971968,-4.7304036,-46.3195439,-2.1087213,0.000255,14.0000,0.0000
10.2471268,-4.5157663,-46.4475899,-2.1086569,0.000259,14.0000,0.0000
10.4970567,-4.3011206,-46.5756219,-2.1085916,0.000264,14.0000,0.0000
10.7469866,-4.0864665,-46.7036399,-2.1085252,0.000268,14.0000,0.0000
10.9969165,-3.8718039,-46.8316434,-2.1084578,0.000272,14.0000,0.0000
11.2468464,-3.6571325,-46.9596324,-2.1083893,0.000276,14.0000,0.0000
11.4967764,-3.4424524,-47.0876066,-2.1083198,0.000280,14.0000,0.0000
11.7467063,-3.2277632,-47.2155657,-2.1082493,0.000284,14.0000,0.0000
11.9966362,-3.0130650,-47.3435096,-2.1081778,0.000288,14.0000,0.0000
12.2465661,-2.7983576,-47.4714380,-2.1081052,0.000293,14.0000,0.0000
12.4964960,-2.5836408,-47.5993508,-2.1080316,0.000297,14.0000,0.0000
12.7464260,-2.3689145,-47.7272476,-2.1079569,0.000301,14.0000,0.0000
12.9963559,-2.1541786,-47.8551282,-2.1078813,0.000305,14.0000,0.0000
13.2462858,-1.9394330,-47.9829926,-2.1078046,0.000309,14.0000,0.0000
13.4962157,-1.7246775,-48.1108403,-2.1077268,0.000313,14.0000,0.0000
13.7461456,-1.5099120,-48.2386712,-2.1076480,0.000317,14.0000,0.0000
13.9960756,-1.2951364,-48.3664851,-2.1075682,0.000321,14.0000,0.0000
14.2460055,-1.0803505,-48.4942817,-2.1074874,0.000325,14.0000,0.0000
14.4959354,-0.8655542,-48.6220609,-2.1074055,0.000330,14.0000,0.0000
14.7458653,-0.6507474,-48.7498224,-2.1073226,0.000334,14.0000,0.0000
14.9957953,-0.4359299,-48.8775659,-2.1072387,0.000338,14.0000,0.0000
15.2457252,-0.2211016,-49.0052913,-2.1071537,0.000342,14.0000,0.0000
15.4956551,-0.0062624,-49.1329983,-2.1070676,0.000346,14.0000,0.0000
15.7455850,0.2085879,-49.2606868,-2.1069806,0.000350,14.0000,0.0000
15.9955149,0.4234493,-49.3883564,-2.1068925,0.000355,14.0000,0.0000
16.2454449,0.6383220,-49.5160070,-2.1068034,0.000359,14.0000,0.0000
16.4953748,0.8532062,-49.6436383,-2.1067132,0.000363,14.0000,0.0000
16.7453047,1.0681020,-49.7712501,-2.1066220,0.000367,14.0000,0.0000
16.9952346,1.2830094,-49.8988422,-2.1065297,0.000371,14.0000,0.0000
17.2451645,1.4979287,-50.0264144,-2.1064364,0.000375,14.0000,0.0000
17.4950945,1.7128600,-50.1539664,-2.1063421,0.000380,14.0000,0.0000
17.7450244,1.9278034,-50.2814980,-2.1062467,0.000384,14.0000,0.0000
17.9949543,2.1427590,-50.4090091,-2.1061503,0.000388,14.0000,0.0000
18.2448842,2.3577274,-50.5364984,-2.1060418,0.000482,14.0000,0.0000
18.4948141,2.5727111,-50.6639619,-2.1059093,0.000578,14.0000,0.0000
18.7447441,2.7877158,-50.7913901,-2.1056923,0.001166,14.0000,0.0000
18.9946740,3.0027577,-50.9187556,-2.1053266,0.001761,14.0000,-0.0420
19.2446039,3.2178577,-51.0460226,-2.1047581,0.002795,13.9993,-2.5874
19.4945338,3.4330468,-51.1731394,-2.1039296,0.003834,13.9530,-2.5611
19.7444637,3.6483544,-51.3000551,-2.1029151,0.004275,13.9070,-2.5358
19.9943937,3.8637975,-51.4267407,-2.1017927,0.004707,13.8614,-2.5348
20.2443236,4.0793882,-51.5531769,-2.1006139,0.004720,13.8156,-2.5342
20.4942535,4.2951262,-51.6793577,-2.0994335,0.004726,13.7697,-2.5342
20.7441834,4.5110156,-51.8052857,-2.0982590,0.004672,13.7236,-2.5370
20.9941134,4.7270479,-51.9309593,-2.0970982,0.004617,13.6773,-2.5399
21.2440433,4.9432296,-52.0563861,-2.0959512,0.004562,13.6308,-2.5427
21.4939732,5.1595492,-52.1815635,-2.0948180,0.004507,13.5841,-2.5425
21.7439031,5.3760139,-52.3064984,-2.0936859,0.004554,13.5373,-2.5395
21.9938330,5.5926180,-52.4311854,-2.0925415,0.004603,13.4903,-2.5164
22.2437630,5.8093670,-52.5556196,-2.0913391,0.005024,13.4436,-2.4932
22.4936929,6.0262753,-52.6797834,-2.0900300,0.005451,13.3972,-2.4586
22.7436228,6.2433464,-52.8036455,-2.0885875,0.006096,13.3512,-2.4243
22.9935527,6.4606172,-52.9271831,-2.0869828,0.006744,13.3058,-2.3658
23.2434826,6.6780834,-53.0503419,-2.0851590,0.007858,13.2613,-2.3077
23.4934126,6.8958095,-53.1730836,-2.0830547,0.008980,13.2177,-2.2453
23.7433425,7.1137906,-53.2953242,-2.0806587,0.010197,13.1752,-2.1836
23.9932724,7.3321049,-53.4170213,-2.0779579,0.011414,13.1337,-2.1255
24.2432023,7.5507417,-53.5380826,-2.0749598,0.012578,13.0932,-2.0681
24.4931322,7.7697825,-53.6584695,-2.0716710,0.013739,13.0536,-2.0191
24.7430622,7.9892090,-53.7780908,-2.0681106,0.014750,13.0149,-1.9708
24.9929921,8.2091018,-53.8969169,-2.0642980,0.015757,12.9770,-1.9268
25.2429220,8.4294325,-54.0148618,-2.0602432,0.016691,12.9399,-1.8833
25.4928519,8.6502824,-54.1319019,-2.0559552,0.017621,12.9034,-1.8411
25.7427819,8.8716153,-54.2479526,-2.0514369,0.018537,12.8677,-1.7993
25.9927118,9.0935147,-54.3629928,-2.0466893,0.019452,12.8327,-1.7584
26.2426417,9.3159389,-54.4769367,-2.0417150,0.020357,12.7984,-1.7178
26.4925716,9.5389723,-54.5897638,-2.0365137,0.021262,12.7648,-1.6775
26.7425015,9.7625692,-54.7013876,-2.0310865,0.022171,12.7320,-1.6374
26.9924315,9.9868146,-54.8117872,-2.0254312,0.023081,12.6998,-1.6015
27.2423614,10.2116584,-54.9208754,-2.0195588,0.023912,12.6682,-1.5661
27.4922913,10.4371853,-55.0286347,-2.0134785,0.024740,12.6373,-1.5330
27.7422212,10.6633379,-55.1349808,-2.0071973,0.025525,12.6069,-1.5002
27.9921511,10.8902013,-55.2398992,-2.0007195,0.026308,12.5771,-1.4674
28.2420811,11.1177124,-55.3433065,-1.9940462,0.027099,12.5480,-1.4347
28.4920110,11.3459562,-55.4451875,-1.9871738,0.027891,12.5193,-1.4025
28.7419409,11.5748669,-55.5454584,-1.9801052,0.028678,12.4913,-1.3704
28.9918708,11.8045281,-55.6441023,-1.9728388,0.029465,12.4639,-1.3386
29.2418007,12.0348719,-55.7410364,-1.9653769,0.030252,12.4370,-1.3070
29.4917307,12.2659794,-55.8362415,-1.9577169,0.031040,12.4107,-1.2755
29.7416606,12.4977816,-55.9296360,-1.9498611,0.031829,12.3850,-1.2441
29.9915905,12.7303557,-56.0211979,-1.9418069,0.032618,12.3599,-1.2128
30.2415204,12.9636330,-56.1108471,-1.9335564,0.033410,12.3353,-1.1816
30.4914503,13.1976855,-56.1985583,-1.9251065,0.034203,12.3113,-1.1504
30.7413803,13.4324455,-56.2842532,-1.9164591,0.035000,12.2880,-1.1191
30.9913102,13.6679788,-56.3679029,-1.9076110,0.035800,12.2652,-1.0878
31.2412401,13.9042198,-56.4494310,-1.8985637,0.036604,12.2430,-1.0564
31.4911700,14.1412266,-56.5288043,-1.8893137,0.037412,12.2214,-1.0248
31.7411000,14.3789372,-56.6059490,-1.8798620,0.038227,12.2004,-0.9931
31.9910299,14.6174003,-56.6808273,-1.8702051,0.039047,12.1801,-0.9611
32.2409598,14.8565585,-56.7533676,-1.8603432,0.039876,12.1603,-0.9289
32.4908897,15.0964500,-56.8235272,-1.8502724,0.040710,12.1412,-0.8963
32.7408196,15.3370231,-56.8912368,-1.8399928,0.041554,12.1228,-0.8635
32.9907496,15.5783038,-56.9564489,-1.8295006,0.042405,12.1050,-0.8297
33.2406795,15.8202480,-57.0190964,-1.8187941,0.043277,12.0878,-0.7955
33.4906094,16.0628669,-57.0791262,-1.8078675,0.044159,12.0714,-0.7612
33.7405393,16.3061242,-57.1364724,-1.7967202,0.045046,12.0556,-0.7266
33.9904692,16.5500186,-57.1910779,-1.7853504,0.045938,12.0405,-0.6981
34.2403992,16.7945176,-57.2428794,-1.7737727,0.046688,12.0260,-0.6706
34.4903291,17.0396092,-57.2918253,-1.7620128,0.047418,12.0121,-0.6442
34.7402590,17.2852623,-57.3378632,-1.7500731,0.048122,11.9987,-0.6175
34.9901889,17.5314501,-57.3809431,-1.7379577,0.048831,11.9858,-0.5904
35.2401188,17.7781507,-57.4210161,-1.7256638,0.049547,11.9735,-0.5628
35.4900488,18.0253196,-57.4580297,-1.7131901,0.050274,11.9617,-0.5345
35.7399787,18.2729469,-57.4919365,-1.7005323,0.051015,11.9505,-0.5056
35.9899086,18.5209700,-57.5226811,-1.6876882,0.051771,11.9400,-0.4762
36.2398385,18.7693906,-57.5502163,-1.6746531,0.052534,11.9300,-0.4461
36.4897684,19.0181271,-57.5744850,-1.6614271,0.053311,11.9206,-0.4168
36.7396984,19.2671922,-57.5954398,-1.6480069,0.054068,11.9119,-0.3871
36.9896283,19.5164870,-57.6130249,-1.6343996,0.054830,11.9038,-0.3578
37.2395582,19.7660353,-57.6271943,-1.6206007,0.055579,11.8963,-0.3278
37.4894881,20.0157167,-57.6378942,-1.6066160,0.056342,11.8894,-0.3029
37.7394181,20.2655679,-57.6450792,-1.5924489,0.056983,11.8830,-0.2790
37.9893480,20.5154474,-57.6487045,-1.5781323,0.057595,11.8771,-0.2608
38.2392779,20.7654056,-57.6487333,-1.5636716,0.058072,11.8716,-0.2438
38.4892078,21.0152822,-57.6451350,-1.5491038,0.058519,11.8665,-0.2337
38.7391377,21.2651398,-57.6378817,-1.5344349,0.058802,11.8616,-0.2255
38.9890677,21.5147990,-57.6269600,-1.5197111,0.059039,11.8568,-0.2255
39.2389976,21.7643417,-57.6123552,-1.5049846,0.058600,11.8521,-0.2047
39.4889275,22.0135673,-57.5941029,-1.4904251,0.057929,11.8478,-0.1744
39.7388574,22.2625946,-57.5722420,-1.4761232,0.056201,11.8441,-0.0997
39.9887873,22.5111894,-57.5468957,-1.4623433,0.054093,11.8420,-0.0097
40.2387173,22.7594896,-57.5181775,-1.4489960,0.052962,11.8418,0.0381
40.4886472,23.0073158,-57.4861847,-1.4358636,0.052136,11.8426,0.0727
40.7385771,23.2547656,-57.4509488,-1.4228052,0.052759,11.8441,0.0457
40.9885070,23.5016882,-57.4124590,-1.4094704,0.053966,11.8451,-0.0057
41.2384369,23.7481196,-57.3706387,-1.3959073,0.054324,11.8450,-0.0208
41.4883669,23.9939046,-57.3254870,-1.3823276,0.054354,11.8445,-0.0218
41.7382968,24.2390969,-57.2769923,-1.3687394,0.054377,11.8441,-0.0226
41.9882267,24.4835735,-57.2251772,-1.3551468,0.054404,11.8436,-0.0236
42.2381566,24.7273635,-57.1700352,-1.3415722,0.054142,11.8431,-0.0123
42.4880865,24.9703455,-57.1116091,-1.3280853,0.053795,11.8428,0.0025
42.7380165,25.2125614,-57.0499113,-1.3146885,0.053382,11.8429,0.0199
42.9879464,25.4538890,-56.9849992,-1.3014021,0.052950,11.8433,0.0380
43.2378763,25.6943800,-56.9168874,-1.2882274,0.052453,11.8441,0.0587
43.4878062,25.9339142,-56.8456415,-1.2751827,0.051945,11.8453,0.0796
43.7377362,26.1725483,-56.7712782,-1.2622648,0.051410,11.8470,0.1015
43.9876661,26.4101609,-56.6938699,-1.2494845,0.050873,11.8492,0.1234
44.2375960,26.6468169,-56.6134310,-1.2368371,0.050322,11.8518,0.1457
44.4875259,26.8823949,-56.5300389,-1.2243303,0.049772,11.8548,0.1677
44.7374558,27.1169662,-56.4437051,-1.2119591,0.049213,11.8584,0.1900
44.9873858,27.3504081,-56.3545116,-1.1997302,0.048657,11.8624,0.2120
45.2373157,27.5827983,-56.2624659,-1.1876353,0.048122,11.8668,0.2330
45.4872456,27.8140137,-56.1676528,-1.1756754,0.047595,11.8717,0.2535
45.7371755,28.0441362,-56.0700746,-1.1638480,0.047035,11.8771,0.2753
45.9871054,28.2730444,-55.9698205,-1.1521642,0.046474,11.8829,0.2970
46.2370354,28.5008255,-55.8668907,-1.1406201,0.045892,11.8891,0.3194
46.4869653,28.7273573,-55.7613802,-1.1292244,0.045311,11.8958,0.3417
46.7368952,28.9527320,-55.6532853,-1.1179615,0.044816,11.9030,0.3602
46.9868251,29.1768298,-55.5426985,-1.1068224,0.044332,11.9106,0.3782
47.2367550,29.3997382,-55.4296103,-1.0957994,0.043870,11.9185,0.3951
47.4866850,29.6213461,-55.3141093,-1.0848933,0.043413,11.9268,0.4118
47.7366149,29.8417343,-55.1961858,-1.0740985,0.042962,11.9354,0.4281
47.9865448,30.0607983,-55.0759277,-1.0634184,0.042513,11.9444,0.4443
48.2364747,30.2786153,-54.9533239,-1.0528423,0.042114,11.9537,0.4583
48.4864046,30.4950885,-54.8284582,-1.0423675,0.041717,11.9632,0.4721
48.7363346,30.7102863,-54.7013194,-1.0319857,0.041355,11.9731,0.4844
48.9862645,30.9241238,-54.5719841,-1.0216958,0.040995,11.9832,0.4966
49.2361944,31.1366562,-54.4404450,-1.0114896,0.040671,11.9936,0.5071
49.4861243,31.3478136,-54.3067693,-1.0013656,0.040350,12.0041,0.5176
49.7360543,31.5576348,-54.1709562,-0.9913171,0.040058,12.0149,0.5267
49.9859842,31.7660670,-54.0330617,-0.9813421,0.039770,12.0259,0.5357
50.2359141,31.9731331,-53.8930918,-0.9714338,0.039517,12.0370,0.5430
50.4858440,32.1787951,-53.7510917,-0.9615890,0.039267,12.0482,0.5503
50.7357739,32.3830622,-53.6070740,-0.9518048,0.039028,12.0597,0.5571
50.9857039,32.5859091,-53.4610749,-0.9420801,0.038796,12.0712,0.5635
51.2356338,32.7873347,-53.3131125,-0.9324079,0.038603,12.0829,0.5683
51.4855637,32.9873207,-53.1632157,-0.9227840,0.038411,12.0946,0.5730
51.7354936,33.1858586,-53.0114059,-0.9132086,0.038214,12.1064,0.5779
51.9854235,33.3829398,-52.8577053,-0.9036822,0.038020,12.1184,0.5827
52.2353535,33.5785483,-52.7021413,-0.8942029,0.037837,12.1304,0.5870
52.4852834,33.7726827,-52.5447298,-0.8847683,0.037670,12.1425,0.5906
52.7352133,33.9653228,-52.3855002,-0.8753673,0.037560,12.1546,0.5917
52.9851432,34.1564626,-52.2244668,-0.8659952,0.037375,12.1668,0.5961
53.2350731,34.3460916,-52.0616557,-0.8567122,0.036911,12.1790,0.6130
53.4850031,34.5342076,-51.8971048,-0.8475466,0.036371,12.1916,0.6333
53.7349330,34.7208272,-51.7308464,-0.8385555,0.035578,12.2046,0.6649
53.9848629,34.9059490,-51.5629459,-0.8297605,0.034838,12.2182,0.6941
54.2347928,35.0896101,-51.3934316,-0.8211308,0.034216,12.2324,0.7179
54.4847228,35.2718038,-51.2223632,-0.8126542,0.033688,12.2470,0.7375
54.7346527,35.4525561,-51.0497604,-0.8042725,0.033384,12.2621,0.7470
54.9845826,35.6318619,-50.8756555,-0.7959668,0.033097,12.2773,0.7556
55.2345125,35.8097206,-50.7000740,-0.7877248,0.032859,12.2927,0.7621
55.4844424,35.9861357,-50.5230333,-0.7795417,0.032624,12.3081,0.7684
55.7343724,36.1610969,-50.3445647,-0.7714170,0.032393,12.3237,0.7746
55.9843023,36.3346114,-50.1646814,-0.7633494,0.032169,12.3394,0.7805
56.2342322,36.5066701,-49.9834130,-0.7553361,0.031956,12.3552,0.7859
56.4841621,36.6772795,-49.8007720,-0.7473757,0.031748,12.3711,0.7910
56.7340920,36.8464308,-49.6167868,-0.7394660,0.031548,12.3871,0.7958
56.9840220,37.0141293,-49.4314700,-0.7316056,0.031356,12.4031,0.8004
57.2339519,37.1803679,-49.2448476,-0.7237921,0.031171,12.4193,0.8045
57.4838818,37.3451495,-49.0569336,-0.7160240,0.030994,12.4354,0.8083
57.7338117,37.5084693,-48.8677501,-0.7082987,0.030826,12.4517,0.8118
57.9837416,37.6703272,-48.6773133,-0.7006151,0.030664,12.4680,0.8149
58.2336716,37.8307214,-48.4856411,-0.6929704,0.030511,12.4843,0.8177
58.4836015,37.9896481,-48.2927530,-0.6853637,0.030365,12.5006,0.8202
58.7335314,38.1471086,-48.0986615,-0.6777919,0.030226,12.5170,0.8223
58.9834613,38.3030952,-47.9033899,-0.6702544,0.030095,12.5334,0.8241
59.2333912,38.4576130,-47.7069452,-0.6627483,0.029971,12.5499,0.8256
59.4833212,38.6106498,-47.5093552,-0.6552729,0.029853,12.5663,0.8268
59.7332511,38.7622142,-47.3106207,-0.6478254,0.029742,12.5827,0.8277
59.9831810,38.9122902,-47.1107744,-0.6404054,0.029638,12.5991,0.8283
60.2331109,39.0608897,-46.9098111,-0.6330100,0.029540,12.6156,0.8287
60.4830409,39.2079927,-46.7077680,-0.6256391,0.029448,12.6320,0.8287
60.7329708,39.3536143,-46.5046345,-0.6182898,0.029361,12.6484,0.8286
60.9829007,39.4977312,-46.3004522,-0.6109622,0.029280,12.6647,0.8282
61.2328306,39.6403608,-46.0952051,-0.6036534,0.029204,12.6811,0.8276
61.4827605,39.7814772,-45.8889390,-0.5963639,0.029133,12.6974,0.8267
61.7326905,39.9211000,-45.6816331,-0.5890909,0.029066,12.7136,0.8257
61.9826204,40.0592009,-45.4733370,-0.5818349,0.029003,12.7298,0.8245
62.2325503,40.1958010,-45.2640257,-0.5745933,0.028943,12.7460,0.8231
62.4824802,40.3308704,-45.0537520,-0.5673669,0.028887,12.7621,0.8216
62.7324101,40.4644315,-44.8424876,-0.5601534,0.028834,12.7782,0.8200
62.9823401,40.5964532,-44.6302876,-0.5529535,0.028784,12.7943,0.8183
63.2322700,40.7269584,-44.4171214,-0.5457651,0.028736,12.8102,0.8164
63.4821999,40.8559159,-44.2030456,-0.5385893,0.028689,12.8261,0.8146
63.7321298,40.9833485,-43.9880281,-0.5314245,0.028643,12.8420,0.8127
63.9820597,41.1092253,-43.7721264,-0.5242717,0.028599,12.8578,0.8107
64.2319897,41.2335688,-43.5553078,-0.5171288,0.028558,12.8736,0.8086
64.4819196,41.3563488,-43.3376301,-0.5099976,0.028507,12.8893,0.8070
64.7318495,41.4775873,-43.1190604,-0.5028791,0.028454,12.9049,0.8056
64.9817794,41.5972563,-42.8996562,-0.4957731,0.028417,12.9205,0.8034
65.2317093,41.7153757,-42.6793856,-0.4886743,0.028387,12.9360,0.8008
65.4816393,41.8319184,-42.4583042,-0.4815875,0.028312,12.9515,0.8005
65.7315692,41.9469045,-42.2363828,-0.4745228,0.028219,12.9669,0.8012
65.9814991,42.0603117,-42.0136769,-0.4674785,0.028164,12.9824,0.7999
66.2314290,42.1721588,-41.7901575,-0.4604442,0.028124,12.9977,0.7979
66.4813590,42.2824232,-41.5658761,-0.4534244,0.028039,13.0131,0.7982
66.7312889,42.3911217,-41.3408097,-0.4464287,0.027941,13.0284,0.7993
66.9812188,42.4982403,-41.1150065,-0.4394941,0.027445,13.0437,0.8206
67.2311487,42.6038140,-40.8884603,-0.4327146,0.026805,13.0594,0.8495
67.4810786,42.7078613,-40.6612281,-0.4261110,0.025995,13.0757,0.8871
67.7310086,42.8104372,-40.4333090,-0.4197228,0.025123,13.0926,0.9279
67.9809385,42.9115721,-40.2047698,-0.4135652,0.024118,13.1103,0.9757
68.2308684,43.0113370,-39.9756039,-0.4076687,0.023065,13.1289,1.0261
68.4807983,43.1097681,-39.7458938,-0.4020459,0.021906,13.1484,1.0820
68.7307282,43.2069531,-39.5156177,-0.3967205,0.020707,13.1690,1.1402
68.9806582,43.3029301,-39.2848829,-0.3917275,0.019164,13.1906,1.2166
69.2305881,43.3978204,-39.0536439,-0.3871455,0.017498,13.2136,1.2997
69.4805180,43.4916708,-38.8220500,-0.3829169,0.016525,13.2382,1.3467
69.7304479,43.5845915,-38.5900014,-0.3788783,0.015789,13.2636,1.3812
69.9803778,43.6765600,-38.3576469,-0.3748382,0.017071,13.2896,1.3086
70.2303078,43.7675624,-38.1248339,-0.3703219,0.019063,13.3142,1.1978
70.4802377,43.8574372,-37.8916425,-0.3653526,0.020580,13.3367,1.1122
70.7301676,43.9461275,-37.6579495,-0.3600398,0.021930,13.3575,1.0353
70.9800975,44.0335242,-37.4238078,-0.3544102,0.023061,13.3768,0.9701
71.2300274,44.1195788,-37.1891421,-0.3485145,0.024115,13.3950,0.9090
71.4799574,44.2042124,-36.9539790,-0.3423719,0.024989,13.4119,0.8576
71.7298873,44.2873787,-36.7182831,-0.3360253,0.025798,13.4279,0.8098
71.9798172,44.3690224,-36.4820618,-0.3294892,0.026463,13.4429,0.7697
72.2297471,44.4491018,-36.2453062,-0.3227993,0.027072,13.4572,0.7328
72.4796771,44.5275784,-36.0080183,-0.3159940,0.027261,13.4708,0.7190
72.7296070,44.6044372,-35.7701993,-0.3091793,0.027272,13.4842,0.7148
72.9795369,44.6796731,-35.5318672,-0.3023847,0.027023,13.4974,0.7250
73.2294668,44.7532996,-35.2930260,-0.2956758,0.026662,13.5108,0.7413
73.4793967,44.8253314,-35.0537038,-0.2890522,0.026361,13.5245,0.7543
73.7293267,44.8957862,-34.8139076,-0.2824980,0.026088,13.5385,0.7658
73.9792566,44.9646752,-34.5736603,-0.2760125,0.025807,13.5526,0.7777
74.2291865,45.0320137,-34.3329715,-0.2695979,0.025524,13.5669,0.7898
74.4791164,45.0978150,-34.0918601,-0.2632550,0.025231,13.5815,0.8024
74.7290463,45.1620949,-33.8503371,-0.2569862,0.024934,13.5962,0.8152
74.9789763,45.2248682,-33.6084190,-0.2507903,0.024652,13.6112,0.8272
75.2289062,45.2861499,-33.3661182,-0.2446632,0.024379,13.6264,0.8388
75.4788361,45.3459541,-33.1234486,-0.2386045,0.024102,13.6418,0.8505
75.7287660,45.4042953,-32.8804236,-0.2326155,0.023824,13.6573,0.8624
75.9786959,45.4611887,-32.6370547,-0.2266955,0.023552,13.6731,0.8739
76.2286259,45.5166482,-32.3933562,-0.2208428,0.023284,13.6891,0.8853
76.4785558,45.5706890,-32.1493377,-0.2150568,0.023018,13.7052,0.8965
76.7284857,45.6233247,-31.9050141,-0.2093371,0.022753,13.7216,0.9077
76.9784156,45.6745706,-31.6603932,-0.2036831,0.022492,13.7381,0.9187
77.2283456,45.7244402,-31.4154901,-0.1980941,0.022233,13.7548,0.9296
77.4782755,45.7729485,-31.1703115,-0.1925694,0.021978,13.7717,0.9403
77.7282054,45.8201089,-30.9248726,-0.1871079,0.021726,13.7887,0.9509
77.9781353,45.8659363,-30.6791788,-0.1817093,0.021475,13.8060,0.9614
78.2280652,45.9104439,-30.4332451,-0.1763733,0.021225,13.8233,0.9719
78.4779952,45.9536467,-30.1870757,-0.1710994,0.020979,13.8409,0.9822
78.7279251,45.9955577,-29.9406862,-0.1658865,0.020737,13.8586,0.9924
78.9778550,46.0361916,-29.6940802,-0.1607338,0.020497,13.8765,1.0024
79.2277849,46.0755612,-29.4472722,-0.1556408,0.020259,13.8946,1.0123
79.4777148,46.1136809,-29.2002669,-0.1506101,0.019982,13.9128,1.0245
79.7276448,46.1505665,-28.9530753,-0.1456540,0.019677,13.9312,1.0385
79.9775747,46.1862363,-28.7057037,-0.1407756,0.019353,13.9498,1.0536
80.2275046,46.2207091,-28.4581633,-0.1359812,0.019014,13.9686,1.0696
80.4774345,46.2540054,-28.2104599,-0.1312705,0.018686,13.9878,0.6855
80.7273644,46.2861442,-27.9626058,-0.1266403,0.018366,14.0000,0.0000
80.9772944,46.3171452,-27.7146051,-0.1220902,0.018045,14.0000,0.0000
81.2272243,46.3470272,-27.4664689,-0.1176207,0.017722,14.0000,0.0000
81.4771542,46.3758100,-27.2182010,-0.1132316,0.017401,14.0000,0.0000
81.7270841,46.4035127,-26.9698118,-0.1089226,0.017081,14.0000,0.0000
81.9770140,46.4301550,-26.7213052,-0.1046935,0.016761,14.0000,0.0000
82.2269440,46.4557558,-26.4726905,-0.1005442,0.016442,14.0000,0.0000
82.4768739,46.4803348,-26.2239715,-0.0964747,0.016123,14.0000,0.0000
82.7268038,46.5039113,-25.9751566,-0.0924847,0.015805,14.0000,0.0000
82.9767337,46.5265049,-25.7262494,-0.0885744,0.015487,14.0000,0.0000
83.2266637,46.5481348,-25.4772577,-0.0847436,0.015168,14.0000,0.0000
83.4765936,46.5688206,-25.2281848,-0.0809922,0.014850,14.0000,0.0000
83.7265235,46.5885818,-24.9790377,-0.0773205,0.014532,14.0000,0.0000
83.9764534,46.6074381,-24.7298197,-0.0737282,0.014214,14.0000,0.0000
84.2263833,46.6254088,-24.4805369,-0.0702156,0.013895,14.0000,0.0000
84.4763133,46.6425138,-24.2311928,-0.0667826,0.013576,14.0000,0.0000
84.7262432,46.6587725,-23.9817924,-0.0634294,0.013257,14.0000,0.0000
84.9761731,46.6742049,-23.7323393,-0.0601561,0.012937,14.0000,0.0000
85.2261030,46.6888306,-23.4828376,-0.0569627,0.012617,14.0000,0.0000
85.4760329,46.7026695,-23.2332913,-0.0538494,0.012296,14.0000,0.0000
85.7259629,46.7157414,-22.9837033,-0.0508163,0.011975,14.0000,0.0000
85.9758928,46.7280663,-22.7340777,-0.0478637,0.011652,14.0000,0.0000
86.2258227,46.7396641,-22.4844167,-0.0449920,0.011328,14.0000,0.0000
86.4757526,46.7505551,-22.2347245,-0.0422012,0.011003,14.0000,0.0000
86.7256825,46.7607593,-21.9850025,-0.0394919,0.010678,14.0000,0.0000
86.9756125,46.7702971,-21.7352554,-0.0368647,0.010340,14.0000,0.0000
87.2255424,46.7791895,-21.4854833,-0.0343242,0.009989,14.0000,0.0000
87.4754723,46.7874584,-21.2356912,-0.0318735,0.009605,14.0000,0.0000
87.7254022,46.7951278,-20.9858785,-0.0295258,0.009182,14.0000,0.0000
87.9753321,46.8022238,-20.7360498,-0.0272848,0.008740,14.0000,0.0000
88.2252621,46.8087742,-20.4862049,-0.0251584,0.008276,14.0000,0.0000
88.4751920,46.8148079,-20.2363480,-0.0231481,0.007812,14.0000,0.0000
88.7251219,46.8203536,-19.9864787,-0.0212534,0.007350,14.0000,0.0000
88.9750518,46.8254404,-19.7366013,-0.0194744,0.006885,14.0000,0.0000
89.2249818,46.8300972,-19.4867138,-0.0178121,0.006417,14.0000,0.0000
89.4749117,46.8343532,-19.2368210,-0.0162668,0.005949,14.0000,0.0000
89.7248416,46.8382377,-18.9869202,-0.0148383,0.005481,14.0000,0.0000
89.9747715,46.8417798,-18.7370165,-0.0135270,0.005011,14.0000,0.0000
90.2247014,46.8450090,-18.4871064,-0.0123340,0.004536,14.0000,0.0000
90.4746314,46.8479548,-18.2371953,-0.0112591,0.004070,14.0000,0.0000
90.7245613,46.8506463,-17.9872789,-0.0102988,0.003614,14.0000,0.0000
90.9744912,46.8531120,-17.7373631,-0.0094492,0.003216,14.0000,0.0000
91.2244211,46.8553766,-17.4874427,-0.0086867,0.002886,14.0000,0.0000
91.4743510,46.8574608,-17.2375238,-0.0080031,0.002619,14.0000,0.0000
91.7242810,46.8593812,-16.9876008,-0.0073725,0.002428,14.0000,0.0000
91.9742109,46.8611498,-16.7376796,-0.0067864,0.002294,14.0000,0.0000
92.2241408,46.8627750,-16.4877548,-0.0062212,0.002229,14.0000,0.0000
92.4740707,46.8642608,-16.2378313,-0.0056696,0.002209,14.0000,0.0000
92.7240006,46.8656084,-15.9879050,-0.0051133,0.002243,14.0000,0.0000
92.9739306,46.8668160,-15.7379793,-0.0045488,0.002274,14.0000,0.0000
93.2238605,46.8678815,-15.4880517,-0.0039765,0.002305,14.0000,0.0000
93.4737904,46.8688030,-15.2381243,-0.0033967,0.002336,14.0000,0.0000
93.7237203,46.8695787,-14.9881957,-0.0028088,0.002368,14.0000,0.0000
93.9736502,46.8702064,-14.7382671,-0.0022128,0.002401,14.0000,0.0000
94.2235802,46.8706841,-14.4883377,-0.0016086,0.002434,14.0000,0.0000
94.4735101,46.8710098,-14.2384082,-0.0009963,0.002466,14.0000,0.0000
94.7234400,46.8711814,-13.9884784,-0.0003758,0.002499,14.0000,0.0000
94.9733699,46.8711969,-13.7385484,0.0002529,0.002532,14.0000,0.0000
95.2232999,46.8710543,-13.4886186,0.0008899,0.002565,14.0000,0.0000
95.4732298,46.8707514,-13.2386887,0.0015351,0.002598,14.0000,0.0000
95.7231597,46.8702863,-12.9887593,0.0021885,0.002631,14.0000,0.0000
95.9730896,46.8696568,-12.7388299,0.0028502,0.002664,14.0000,0.0000
96.2230195,46.8688609,-12.4889013,0.0035201,0.002697,14.0000,0.0000
96.4729495,46.8678965,-12.2389729,0.0041983,0.002730,14.0000,0.0000
96.7228794,46.8667617,-11.9890456,0.0048846,0.002762,14.0000,0.0000
96.9728093,46.8654544,-11.7391189,0.0055759,0.002740,14.0000,0.0000
97.2227392,46.8639761,-11.4891934,0.0062498,0.002652,14.0000,0.0000
97.4726691,46.8623324,-11.2392688,0.0068954,0.002452,14.0000,0.0000
97.7225991,46.8605360,-10.9893453,0.0074661,0.002115,14.0000,0.0000
97.9725290,46.8586076,-10.7394229,0.0079516,0.001763,14.0000,0.0000
98.2224589,46.8565690,-10.4895013,0.0083462,0.001394,14.0000,0.0000
98.4723888,46.8544433,-10.2395804,0.0086496,0.001043,14.0000,0.0000
98.7223187,46.8522524,-9.9896601,0.0088689,0.000712,14.0000,0.0000
98.9722487,46.8500169,-9.7397402,0.0090105,0.000469,14.0000,0.0000
99.2221786,46.8477517,-9.4898205,0.0091107,0.000333,14.0000,0.0000
99.4721085,46.8454656,-9.2399011,0.0091798,0.000249,14.0000,0.0000
99.7220384,46.8431637,-8.9899817,0.0092394,0.000228,14.0000,0.0000
99.9719684,46.8408477,-8.7400626,0.0092941,0.000215,14.0000,0.0000
100.2218983,46.8385182,-8.4901435,0.0093473,0.000210,14.0000,0.0000
100.4718282,46.8361755,-8.2402246,0.0093993,0.000206,14.0000,0.0000
100.7217581,46.8338200,-7.9903057,0.0094504,0.000202,14.0000,0.0000
100.9716880,46.8314518,-7.7403870,0.0095004,0.000198,14.0000,0.0000
101.2216180,46.8290712,-7.4904684,0.0095494,0.000194,14.0000,0.0000
101.4715479,46.8266786,-7.2405500,0.0095974,0.000190,14.0000,0.0000
101.7214778,46.8242740,-6.9906316,0.0096444,0.000186,14.0000,0.0000
101.9714077,46.8218579,-6.7407134,0.0096903,0.000182,14.0000,0.0000
102.2213376,46.8194304,-6.4907953,0.0097352,0.000178,14.0000,0.0000
102.4712676,46.8169918,-6.2408772,0.0097791,0.000174,14.0000,0.0000
102.7211975,46.8145424,-5.9909593,0.0098220,0.000170,14.0000,0.0000
102.9711274,46.8120823,-5.7410415,0.0098638,0.000165,14.0000,0.0000
103.2210573,46.8096120,-5.4911238,0.0099047,0.000161,14.0000,0.0000
103.4709872,46.8071316,-5.2412062,0.0099445,0.000157,14.0000,0.0000
103.7209172,46.8046413,-4.9912887,0.0099832,0.000153,14.0000,0.0000
103.9708471,46.8021415,-4.7413712,0.0100210,0.000149,14.0000,0.0000
104.2207770,46.7996324,-4.4914539,0.0100577,0.000145,14.0000,0.0000
104.4707069,46.7971142,-4.2415367,0.0100934,0.000141,14.0000,0.0000
104.7206368,46.7945873,-3.9916195,0.0101281,0.000137,14.0000,0.0000
104.9705668,46.7920518,-3.7417025,0.0101617,0.000133,14.0000,0.0000
105.2204967,46.7895080,-3.4917855,0.0101944,0.000129,14.0000,0.0000
105.4704266,46.7869562,-3.2418686,0.0102260,0.000124,14.0000,0.0000
105.7203565,46.7843966,-2.9919518,0.0102566,0.000120,14.0000,0.0000
105.9702865,46.7818296,-2.7420351,0.0102861,0.000116,14.0000,0.0000
106.2202164,46.7792552,-2.4921184,0.0103147,0.000112,14.0000,0.0000
106.4701463,46.7766738,-2.2422018,0.0103422,0.000108,14.0000,0.0000
106.7200762,46.7740857,-1.9922853,0.0103687,0.000104,14.0000,0.0000
106.9700061,46.7714911,-1.7423688,0.0103942,0.000100,14.0000,0.0000
107.2199361,46.7688903,-1.4924524,0.0104186,0.000096,14.0000,0.0000
107.4698660,46.7662835,-1.2425361,0.0104421,0.000092,14.0000,0.0000
107.7197959,46.7636709,-0.9926198,0.0104646,0.000088,14.0000,0.0000
107.9697258,46.7610528,-0.7427036,0.0104860,0.000084,14.0000,0.0000
108.2196557,46.7584295,-0.4927875,0.0105064,0.000080,14.0000,0.0000
108.4695857,46.7558013,-0.2428714,0.0105258,0.000076,14.0000,0.0000
108.7195156,46.7531683,0.0070447,0.0105442,0.000072,14.0000,0.0000
108.9694455,46.7505308,0.2569607,0.0105616,0.000068,14.0000,0.0000
109.2193754,46.7478891,0.5068766,0.0105780,0.000063,14.0000,0.0000
109.4693053,46.7452435,0.7567925,0.0105934,0.000060,14.0000,-0.0009
109.7192353,46.7425941,1.0067084,0.0106077,0.000055,14.0000,-2.8091
109.9691652,46.7399413,1.2566243,0.0106211,0.000051,13.9497,-2.8071
110.2190951,46.7372852,1.5065401,0.0106334,0.000047,13.8994,-2.8051
110.4690250,46.7346262,1.7564559,0.0106447,0.000043,13.8488,-2.8031
110.7189549,46.7319645,2.0063716,0.0106550,0.000039,13.7981,-2.8011
110.9688849,46.7293004,2.2562873,0.0106643,0.000035,13.7473,-2.7991
111.2188148,46.7266340,2.5062030,0.0106727,0.000031,13.6963,-2.7971
111.4687447,46.7239657,2.7561187,0.0106800,0.000028,13.6452,-2.7950
111.7186746,46.7212957,3.0060344,0.0106865,0.000024,13.5939,-2.7930
111.9686046,46.7186241,3.2559500,0.0106921,0.000021,13.5425,-2.7909
112.2185345,46.7159513,3.5058656,0.0106970,0.000018,13.4909,-2.7889
112.4684644,46.7132773,3.7557812,0.0107010,0.000014,13.4391,-2.7868
112.7183943,46.7106025,4.0056968,0.0107042,0.000011,13.3872,-2.7848
112.9683242,46.7079269,4.2556124,0.0107065,0.000008,13.3351,-2.7827
113.2182542,46.7052509,4.5055280,0.0107081,0.000005,13.2828,-2.7807
113.4681841,46.7025745,4.7554436,0.0107088,0.000001,13.2304,-2.7784
113.7181140,46.6998981,5.0053592,0.0107088,-0.000002,13.1778,-2.7760
113.9680439,46.6972218,5.2552748,0.0107079,-0.000005,13.1250,-2.7736
114.2179738,46.6945459,5.5051904,0.0107062,-0.000008,13.0721,-2.7712
114.4679038,46.6918704,5.7551060,0.0107037,-0.000012,13.0190,-2.7689
114.7178337,46.6891957,6.0050216,0.0107004,-0.000015,12.9658,-2.7665
114.9677636,46.6865219,6.2549372,0.0106962,-0.000018,12.9123,-2.7641
115.2176935,46.6838492,6.5048529,0.0106913,-0.000021,12.8587,-2.7618
115.4676234,46.6811779,6.7547685,0.0106855,-0.000025,12.8049,-2.7594
115.7175534,46.6785081,7.0046842,0.0106789,-0.000028,12.7509,-2.7570
115.9674833,46.6758401,7.2545998,0.0106714,-0.000031,12.6968,-2.7547
116.2174132,46.6731741,7.5045155,0.0106632,-0.000034,12.6425,-2.7524
116.4673431,46.6705102,7.7544313,0.0106544,-0.000036,12.5879,-2.7501
116.7172730,46.6678486,8.0043470,0.0106450,-0.000039,12.5332,-2.7478
116.9672030,46.6651894,8.2542628,0.0106350,-0.000041,12.4783,-2.7455
117.2171329,46.6625327,8.5041786,0.0106245,-0.000043,12.4232,-2.7432
117.4670628,46.6598787,8.7540944,0.0106135,-0.000045,12.3679,-2.7410
117.7169927,46.6572276,9.0040103,0.0106019,-0.000048,12.3123,-2.7387
117.9669227,46.6545794,9.2539262,0.0105898,-0.000050,12.2566,-2.7364
118.2168526,46.6519343,9.5038421,0.0105771,-0.000052,12.2007,-2.7342
118.4667825,46.6492925,9.7537581,0.0105638,-0.000054,12.1446,-2.7319
118.7167124,46.6466540,10.0036741,0.0105501,-0.000056,12.0882,-2.7296
118.9666423,46.6440191,10.2535901,0.0105357,-0.000058,12.0316,-2.7274
119.2165723,46.6413878,10.5035061,0.0105209,-0.000061,11.9749,-2.7251
119.4665022,46.6387603,10.7534223,0.0105055,-0.000063,11.9178,-2.7229
119.7164321,46.6361367,11.0033384,0.0104895,-0.000065,11.8606,-2.7206
119.9663620,46.6335171,11.2532546,0.0104730,-0.000067,11.8031,-2.7184
120.2162919,46.6309018,11.5031708,0.0104559,-0.000070,11.7454,-2.7163
120.4662219,46.6282908,11.7530871,0.0104384,-0.000068,11.6875,-2.7144
120.7161518,46.6256840,12.0030035,0.0104222,-0.000062,11.6293,-2.7136
120.9660817,46.6230811,12.2529198,0.0104090,-0.000029,11.5708,-2.7110
121.2160116,46.6204798,12.5028362,0.0104103,0.000039,11.5121,-2.7020
121.4659415,46.6178759,12.7527525,0.0104341,0.000212,11.4533,-2.6877
121.7158715,46.6152582,13.0026687,0.0105262,0.000524,11.3945,-2.6601
121.9658014,46.6126072,13.2525849,0.0107152,0.001189,11.3360,-2.6152
122.2157313,46.6098803,13.5025002,0.0111536,0.002319,11.2782,-2.5739
122.4656612,46.6070087,13.7524140,0.0118705,0.003377,11.2210,-2.5370
122.7155911,46.6039265,14.0023252,0.0128347,0.004339,11.1644,-2.5086
122.9655211,46.6005737,14.2522320,0.0140282,0.005094,11.1081,-2.4908
123.2154510,46.5969037,14.5021348,0.0153614,0.005575,11.0519,-2.4653
123.4653809,46.5928851,14.7520316,0.0168267,0.006278,10.9960,-2.4296
123.7153108,46.5884733,15.0019224,0.0185207,0.007277,10.9406,-2.3922
123.9652408,46.5836069,15.2518054,0.0204680,0.008346,10.8859,-2.3522
124.2151707,46.5782190,15.5016774,0.0226990,0.009507,10.8317,-2.3142
124.4651006,46.5722374,15.7515364,0.0252185,0.010634,10.7782,-2.2786
124.7150305,46.5655920,16.0013782,0.0280112,0.011714,10.7252,-2.2436
124.9649604,46.5582151,16.2511993,0.0310740,0.012798,10.6728,-2.2091
125.2148904,46.5500392,16.5009957,0.0344085,0.013886,10.6209,-2.1754
125.4648203,46.5409964,16.7507617,0.0380150,0.014972,10.5696,-2.1424
125.7147502,46.5310191,17.0004927,0.0418925,0.016056,10.5189,-2.1100
125.9646801,46.5200397,17.2501812,0.0460407,0.017139,10.4686,-2.0783
126.2146100,46.5079908,17.4998209,0.0504594,0.018221,10.4189,-2.0473
126.4645400,46.4948053,17.7494026,0.0551486,0.019303,10.3696,-2.0169
126.7144699,46.4804158,17.9989184,0.0601079,0.020383,10.3209,-1.9870
126.9643998,46.4647555,18.2483569,0.0653373,0.021463,10.2727,-1.9578
127.2143297,46.4477573,18.4977087,0.0708364,0.022543,10.2249,-1.9291
127.4642596,46.4293545,18.7469598,0.0766054,0.023622,10.1777,-1.9010
127.7141896,46.4094805,18.9960990,0.0826441,0.024701,10.1309,-1.8734
127.9641195,46.3880688,19.2451096,0.0889526,0.025780,10.0846,-1.8463
128.2140494,46.3650531,19.4939784,0.0955308,0.026860,10.0387,-1.8197
128.4639793,46.3403673,19.7426856,0.1023790,0.027941,9.9933,-1.7936
128.7139093,46.3139451,19.9912160,0.1094973,0.029022,9.9483,-1.7679
128.9638392,46.2857212,20.2395464,0.1168861,0.030105,9.9038,-1.7427
129.2137691,46.2556294,20.4876594,0.1245457,0.031189,9.8597,-1.7178
129.4636990,46.2236047,20.7355281,0.1324766,0.032276,9.8161,-1.6933
129.7136289,46.1895812,20.9831329,0.1406794,0.033365,9.7729,-1.6692
129.9635589,46.1534945,21.2304427,0.1491549,0.034458,9.7301,-1.6455
130.2134888,46.1152788,21.4774354,0.1579038,0.035554,9.6878,-1.6220
130.4634187,46.0748704,21.7240757,0.1669273,0.036654,9.6458,-1.5988
130.7133486,46.0322037,21.9703388,0.1762263,0.037760,9.6043,-1.5759
130.9632785,45.9872154,22.2161848,0.1858023,0.038870,9.5632,-1.5533
131.2132085,45.9398402,22.4615857,0.1956566,0.039987,9.5225,-1.5308
131.4631384,45.8900156,22.7064973,0.2057908,0.041111,9.4823,-1.5085
131.7130683,45.8376764,22.9508878,0.2162073,0.042245,9.4424,-1.4864
131.9629982,45.7827606,23.1947081,0.2269079,0.043384,9.4030,-1.4646
132.2129281,45.7252033,23.4379226,0.2378939,0.044529,9.3640,-1.4427
132.4628581,45.6649439,23.6804774,0.2491676,0.045690,9.3254,-1.4207
132.7127880,45.6019175,23.9223323,0.2607339,0.046867,9.2872,-1.3984
132.9627179,45.5360633,24.1634288,0.2725968,0.048074,9.2495,-1.3755
133.2126478,45.4673160,24.4037202,0.2847671,0.049317,9.2123,-1.3581
133.4625777,45.3956125,24.6431463,0.2972372,0.050356,9.1754,-1.3469
133.7125077,45.3209016,24.8816523,0.3099236,0.051166,9.1386,-1.3422
133.9624376,45.2431473,25.1191840,0.3227991,0.051723,9.1018,-1.3422
134.2123675,45.1623301,25.3556895,0.3357601,0.051995,9.0649,-1.3439
134.4622974,45.0784467,25.5911227,0.3487993,0.052419,9.0278,-1.3393
134.7122274,44.9914859,25.8254359,0.3619726,0.052998,8.9906,-1.3355
134.9621573,44.9014291,26.0585769,0.3752899,0.053553,8.9534,-1.3324
135.2120872,44.8082607,26.2904899,0.3887408,0.054086,8.9161,-1.3288
135.4620171,44.7119647,26.5211250,0.4023280,0.054651,8.8788,-1.3247
135.7119470,44.6125301,26.7504173,0.4160603,0.055242,8.8414,-1.3214
135.9618770,44.5099365,26.9783211,0.4299396,0.055806,8.8040,-1.3189
136.2118069,44.4041785,27.2047631,0.4439543,0.056347,8.7665,-1.3171
136.4617368,44.2952384,27.4297011,0.4581039,0.056869,8.7289,-1.3159
136.7116667,44.1831180,27.6530571,0.4723790,0.057369,8.6911,-1.3085
136.9615966,44.0678058,27.8747825,0.4867996,0.058154,8.6534,-1.2969
137.2115266,43.9492842,28.0948064,0.5014560,0.059131,8.6158,-1.2727
137.4614565,43.8275250,28.3130492,0.5163984,0.060691,8.5789,-1.2400
137.7113864,43.7024628,28.5294306,0.5318115,0.062648,8.5427,-1.2091
137.9613163,43.5740334,28.7438195,0.5477075,0.064543,8.5072,-1.1793
138.2112462,43.4421538,28.9561228,0.5640721,0.066409,8.4725,-1.1482
138.4611762,43.3067795,29.1661912,0.5809078,0.068351,8.4385,-1.1166
138.7111061,43.1678226,29.3739373,0.5982391,0.070333,8.4054,-1.0843
138.9610360,43.0252535,29.5791830,0.6160673,0.072366,8.3731,-1.0516
139.2109659,42.8789726,29.7818486,0.6344132,0.074434,8.3417,-1.0182
139.4608958,42.7289737,29.9817224,0.6532765,0.076546,8.3111,-0.9846
139.7108258,42.5751471,30.1787304,0.6726768,0.078686,8.2814,-0.9504
139.9607557,42.4175119,30.3726313,0.6926106,0.080863,8.2527,-0.9158
140.2106856,42.2559493,30.5633554,0.7130987,0.083071,8.2249,-0.8815
140.4606155,42.0905068,30.7506338,0.7341333,0.085277,8.1981,-0.8469
140.7105455,41.9210615,30.9343969,0.7557274,0.087503,8.1722,-0.8124
140.9604754,41.7476915,31.1143554,0.7778718,0.089731,8.1474,-0.7774
141.2104053,41.5702722,31.2904376,0.8005833,0.091987,8.1235,-0.7417
141.4603352,41.3889127,31.4623370,0.8238555,0.094286,8.1006,-0.7050
141.7102651,41.2034887,31.6299731,0.8477170,0.096632,8.0788,-0.6669
141.9601951,41.0141369,31.7930251,0.8721641,0.099050,8.0582,-0.6274
142.2101250,40.8207382,31.9513959,0.8972337,0.101534,8.0387,-0.5862
142.4600549,40.6234527,32.1047540,0.9229239,0.104097,8.0205,-0.5433
142.7099848,40.4221741,32.2529793,0.9492743,0.106738,8.0035,-0.4991
142.9599147,40.2170809,32.3957356,0.9762830,0.109439,7.9879,-0.4526
143.2098447,40.0080945,32.5328719,1.0039871,0.112235,7.9737,-0.4030
143.4597746,39.7953978,32.6640585,1.0323987,0.115174,7.9611,-0.3498
143.7097045,39.5789677,32.7890944,1.0615716,0.118268,7.9501,-0.2958
143.9596344,39.3589763,32.9076577,1.0915176,0.121378,7.9408,-0.2393
144.2095643,39.1354607,33.0195076,1.1222539,0.124581,7.9333,-0.2237
144.4594943,38.9086123,33.1243420,1.1535733,0.125618,7.9262,-0.2167
144.7094242,38.6785499,33.2220182,1.1850411,0.126197,7.9194,-0.2166
144.9593541,38.4455419,33.3123872,1.2165917,0.126155,7.9125,-0.2213
145.2092840,38.2097895,33.3953687,1.2481144,0.126121,7.9055,-0.2260
145.4592139,37.9715369,33.4708782,1.2796518,0.126257,7.8984,-0.2267
145.7091439,37.7310376,33.5388275,1.3112373,0.126525,7.8912,-0.2132
145.9590738,37.4884913,33.5991393,1.3429608,0.127453,7.8845,-0.1941
146.2090037,37.2441692,33.6516899,1.3749626,0.128667,7.8783,-0.1763
146.4589336,36.9982616,33.6963627,1.4072661,0.129796,7.8727,-0.1568
146.7088636,36.7510599,33.7330316,1.4398520,0.130999,7.8677,-0.1335
146.9587935,36.5027802,33.7615891,1.4727621,0.132388,7.8635,-0.1077
147.2087234,36.2536950,33.7819169,1.5060342,0.133881,7.8601,-0.1021
147.4586533,36.0040709,33.7939077,1.5395728,0.134291,7.8568,-0.0989
147.7085832,35.7541738,33.7975144,1.5731673,0.134565,7.8537,-0.0989
147.9585132,35.5043016,33.7927199,1.6067821,0.134309,7.8505,-0.0921
148.2084431,35.2547298,33.7795413,1.6403105,0.134017,7.8476,-0.0847
148.4583730,35.0057435,33.7580118,1.6737847,0.133880,7.8449,-0.0804
148.7083029,34.7576116,33.7281632,1.7072439,0.133890,7.8423,-0.0789
148.9582328,34.5106223,33.6900297,1.7407238,0.134053,7.8398,-0.0803
149.2081628,34.2650438,33.6436421,1.7742648,0.134372,7.8372,-0.0845
149.4580927,34.0211634,33.5890378,1.8078548,0.134349,7.8346,-0.0823
149.7080226,33.7792526,33.5262757,1.8414309,0.134362,7.8319,-0.0808
149.9579525,33.5395862,33.4554363,1.8748859,0.133078,7.8294,-0.0554
150.2078824,33.3024048,33.3766645,1.9079526,0.131552,7.8276,-0.0261
150.4578124,33.0679442,33.2901396,1.9406448,0.130061,7.8267,0.0020
150.7077423,32.8364153,33.1960378,1.9729759,0.128682,7.8268,0.0274
150.9576722,32.6080346,33.0945401,2.0049760,0.127403,7.8277,0.0504
151.2076021,32.3829997,32.9858217,2.0366703,0.126243,7.8293,0.0708
151.4575321,32.1615079,32.8700583,2.0680912,0.125215,7.8316,0.0884
151.7074620,31.9437463,32.7474200,2.0992703,0.124308,7.8344,0.1035
151.9573919,31.7299005,32.6180766,2.1302373,0.123516,7.8377,0.1161
152.2073218,31.5201480,32.4821931,2.1610203,0.122836,7.8414,0.1264
152.4572517,31.3146666,32.3399353,2.1916473,0.122266,7.8454,0.1346
152.7071817,31.1136269,32.1914646,2.2221456,0.121808,7.8497,0.1405
152.9571116,30.9171999,32.0369432,2.2525386,0.121411,7.8542,0.1452
153.2070415,30.7255520,31.8765331,2.2828435,0.121115,7.8588,0.1479
153.4569714,30.5388457,31.7103963,2.3130658,0.120701,7.8635,0.1528
153.7069013,30.3572366,31.5387041,2.3431847,0.120336,7.8683,0.1567
153.9568313,30.1808655,31.3616301,2.3731209,0.119013,7.8733,0.1784
154.2067612,30.0098421,31.1793919,2.4026775,0.117527,7.8790,0.2029
154.4566911,29.8442305,30.9922033,2.4317693,0.115047,7.8854,0.2456
154.7066210,29.6840819,30.8003452,2.4601879,0.112393,7.8932,0.2909
154.9565509,29.5293867,30.6040432,2.4881721,0.111995,7.9024,0.2933
155.2064809,29.3802577,30.4035035,2.5161878,0.112210,7.9117,0.2840
155.4564108,29.2367818,30.1988730,2.5437994,0.107781,7.9206,0.3627
155.7063407,29.0988662,29.9904477,2.5700376,0.102199,7.9321,0.4623
155.9562706,28.9663081,29.7785534,2.5948626,0.096389,7.9466,0.5653
156.2062005,28.8389067,29.5635502,2.6182252,0.090588,7.9644,0.6675
156.4561305,28.7163893,29.3456855,2.6401714,0.085057,7.9853,0.7641
156.7060604,28.5985531,29.1253073,2.6607457,0.079602,8.0092,0.8591
156.9559903,28.4851152,28.9025956,2.6800636,0.075184,8.0359,0.9341
157.2059202,28.3758941,28.6778168,2.6983321,0.071014,8.0649,1.0044
157.4558502,28.2706826,28.4511226,2.7156831,0.068085,8.0960,1.0507
157.7057801,28.1693414,28.2226657,2.7323715,0.065458,8.1284,1.0914
157.9557100,28.0717508,27.9925877,2.7483620,0.062429,8.1619,1.1405
158.2056399,27.9777564,27.7610018,2.7635766,0.059323,8.1967,1.1917
158.4555698,27.8872117,27.5280622,2.7780172,0.056238,8.2330,1.2431
158.7054998,27.7999440,27.2938577,2.7916870,0.053148,8.2706,1.2953
158.9554297,27.7158025,27.0585349,2.8045878,0.050102,8.3097,1.3472
159.2053596,27.6346050,26.8221500,2.8167319,0.047075,8.3501,1.3995
159.4552895,27.5562020,26.5848505,2.8281140,0.044002,8.3919,1.4537
159.7052194,27.4804056,26.3466791,2.8387266,0.040920,8.4351,1.5089
159.9551494,27.4070567,26.1077688,2.8485733,0.037887,8.4797,1.5641
160.2050793,27.3359661,25.8681502,2.8576657,0.034870,8.5256,1.6200
160.4550092,27.2669728,25.6279434,2.8660029,0.031848,8.5730,1.6771
160.7049391,27.1998878,25.3871739,2.8735855,0.028829,8.6217,1.7353
160.9548690,27.1345444,25.1459457,2.8804149,0.025826,8.6719,1.7944
161.2047990,27.0707551,24.9042843,2.8864955,0.022831,8.7235,1.8546
161.4547289,27.0083493,24.6622760,2.8918279,0.019842,8.7764,1.9161
161.7046588,26.9471417,24.4199505,2.8964141,0.016857,8.8308,1.9790
161.9545887,26.8869576,24.1773771,2.9002558,0.013888,8.8867,2.0430
162.2045186,26.8276147,23.9345913,2.9033564,0.010924,8.9439,2.1085
162.4544486,26.7689354,23.6916470,2.9057155,0.007953,9.0027,2.1759
162.7043785,26.7107391,23.4485862,2.9073318,0.004981,9.0629,2.2450
162.9543084,26.6528450,23.2054500,2.9082109,0.002065,9.1246,2.3147
163.2042383,26.5950778,22.9622899,2.9083641,-0.000839,9.1878,2.3433
163.4541683,26.5372578,22.7191357,2.9077863,-0.003794,9.2513,2.2649
163.7040982,26.4792091,22.4760446,2.9064674,-0.006761,9.3123,2.1843
163.9540281,26.4207464,22.2330463,2.9043762,-0.010030,9.3707,2.0939
164.2039580,26.3616758,21.9902004,2.9014520,-0.013370,9.4264,1.9997
164.4538879,26.3017919,21.7475482,2.8976793,-0.016845,9.4793,1.9000
164.7038179,26.2408882,21.5051552,2.8930309,-0.020353,9.5292,1.7977
164.9537478,26.1787515,21.2630716,2.8875088,-0.023830,9.5763,1.6947
165.2036777,26.1151750,21.0213656,2.8811194,-0.027300,9.6204,1.5905
165.4536076,26.0499506,20.7800987,2.8738601,-0.030796,9.6616,1.4844
165.7035375,25.9828706,20.5393394,2.8657254,-0.034299,9.6999,1.3771
165.9534675,25.9137299,20.2991669,2.8567120,-0.037837,9.7354,1.2679
166.2033974,25.8423199,20.0596548,2.8468119,-0.041385,9.7679,1.1576
166.4533273,25.7684380,19.8209003,2.8360215,-0.044972,9.7974,1.0458
166.7032572,25.6918751,19.5829843,2.8243320,-0.048569,9.8241,0.9333
166.9531871,25.6124318,19.3460221,2.8117399,-0.052206,9.8478,0.8195
167.2031171,25.5299011,19.1101097,2.7982350,-0.055863,9.8686,0.7051
167.4530470,25.4440874,18.8753815,2.7838073,-0.059610,9.8864,0.5883
167.7029769,25.3547830,18.6419494,2.7684371,-0.063384,9.9013,0.0569
167.9529068,25.2617942,18.4099662,2.7521273,-0.067130,9.9027,-0.5687
168.2028367,25.1649249,18.1795721,2.7348787,-0.070901,9.8883,-0.4469
168.4527667,25.0639790,17.9509188,2.7166331,-0.075195,9.8770,-0.3191
168.7026966,24.9587656,17.7242289,2.6972829,-0.079667,9.8690,-0.2330
168.9526265,24.8490576,17.4996520,2.6769575,-0.082694,9.8631,-0.1559
169.2025564,24.7347467,17.2774188,2.6559545,-0.085389,9.8591,-0.1559
169.4524864,24.6157498,17.0576456,2.6348806,-0.082129,9.8552,-0.0584
169.7024163,24.4922663,16.8403587,2.6149335,-0.077497,9.8537,0.0778
169.9523462,24.3645906,16.6255002,2.5960818,-0.073470,9.8556,0.1947
170.2022761,24.2329941,16.4130274,2.5782021,-0.069616,9.8606,0.3053
170.4522060,24.0977078,16.2028662,2.5612025,-0.066558,9.8683,0.3915
170.7021360,23.9589570,15.9950036,2.5449266,-0.063695,9.8782,0.4714
170.9520659,23.8169076,15.7893658,2.5293619,-0.060856,9.8901,0.5501
171.2019958,23.6717522,15.5859193,2.5145079,-0.058011,9.9040,0.6287
171.4519257,23.5236594,15.3845961,2.5003496,-0.055318,9.9199,0.7026
171.7018556,23.3727949,15.1853364,2.4868551,-0.052671,9.9376,0.7749
171.9517856,23.2193226,14.9880828,2.4740186,-0.050054,9.9570,0.8463
172.2017155,23.0633919,14.7927611,2.4618349,-0.047443,9.9783,0.9175
172.4516454,22.9051623,14.5993098,2.4502999,-0.044874,10.0012,0.9876
172.7015753,22.7447634,14.4076338,2.4394042,-0.042315,10.0259,1.0576
172.9515052,22.5823561,14.2176759,2.4291487,-0.039756,10.0522,1.1279
173.2014352,22.4180581,14.0293283,2.4195315,-0.037202,10.0802,1.1984
173.4513651,22.2520266,13.8425285,2.4105512,-0.034665,10.1099,1.2689
173.7012950,22.0843724,13.6571625,2.4022034,-0.032134,10.1412,1.3396
173.9512249,21.9152453,13.4731603,2.3944880,-0.029611,10.1742,-1.5103
174.2011549,21.7447503,13.2904032,2.3874020,-0.027092,10.1370,-1.8260
174.4510848,21.5730313,13.1088150,2.3809449,-0.024582,10.0919,-1.9090
174.7010147,21.4001910,12.9282758,2.3751144,-0.022075,10.0445,-1.9908
174.9509446,21.2263649,12.7487009,2.3699100,-0.019574,9.9948,-2.0711
175.2008745,21.0516556,12.5699717,2.3653300,-0.017075,9.9429,-2.1500
175.4508045,20.8761902,12.3919947,2.3613743,-0.014580,9.8887,-2.2273
175.7007344,20.7000738,12.2146548,2.3580417,-0.012087,9.8323,-2.3030
175.9506643,20.5234241,12.0378494,2.3553322,-0.009595,9.7735,-2.3771
176.2005942,20.3463509,11.8614682,2.3532454,-0.007104,9.7126,-2.4494
176.4505241,20.1689628,11.6853995,2.3517815,-0.004610,9.6493,-2.5200
176.7004541,19.9913760,11.5095393,2.3509409,-0.002117,9.5838,-2.5888
176.9503840,19.8136902,11.3337672,2.3507238,0.000381,9.5161,-2.5657
177.2003139,19.6360290,11.1579860,2.3511313,0.002880,9.4485,-2.4984
177.4502438,19.4584847,10.9820673,2.3521643,0.005386,9.3821,-2.4328
177.7001737,19.2811890,10.8059212,2.3538239,0.007895,9.3171,-2.3688
177.9501037,19.1042282,10.6294125,2.3561116,0.010413,9.2533,-2.3064
178.2000336,18.9277420,10.4524587,2.3590290,0.012934,9.1908,-2.2454
178.4499635,18.7518130,10.2749192,2.3625781,0.015467,9.1296,-2.1858
178.6998934,18.5765890,10.0967185,2.3667607,0.018005,9.0695,-2.1275
178.9498233,18.4021506,9.9177125,2.3715795,0.020557,9.0107,-2.0705
179.1997533,18.2286534,9.7378325,2.3770364,0.023114,8.9531,-2.0145
179.4496832,18.0561788,9.5569327,2.3831348,0.025687,8.8967,-1.9598
179.6996131,17.8848893,9.3749509,2.3898768,0.028268,8.8415,-1.9059
179.9495430,17.7148699,9.1917418,2.3972665,0.030866,8.7874,-1.8532
180.1994730,17.5462892,9.0072488,2.4053059,0.033472,8.7346,-1.8011
180.4494029,17.3792381,8.8213299,2.4139999,0.036100,8.6829,-1.7501
180.6993328,17.2138909,8.6339336,2.4233512,0.038737,8.6323,-1.6996
180.9492627,17.0503473,8.4449239,2.4333650,0.041396,8.5830,-1.6500
181.1991926,16.8887859,8.2542535,2.4440438,0.044064,8.5348,-1.6008
181.4491226,16.7293178,8.0617953,2.4553939,0.046763,8.4878,-1.5523
181.6990525,16.5721255,7.8675058,2.4674195,0.049474,8.4420,-1.5041
181.9489824,16.4173338,7.6712698,2.4801270,0.052215,8.3973,-1.4565
182.1989123,16.2651288,7.4730470,2.4935205,0.054969,8.3539,-1.4092
182.4488422,16.1156510,7.2727378,2.5076060,0.057748,8.3116,-1.3624
182.6987722,15.9690888,7.0703045,2.5223872,0.060540,8.2705,-1.3147
182.9487021,15.8256001,6.8656673,2.5378754,0.063412,8.2307,-1.2672
183.1986320,15.6853772,6.6587887,2.5540856,0.066310,8.1921,-1.2192
183.4485619,15.5485996,6.4496103,2.5710266,0.069266,8.1548,-1.1713
183.6984918,15.4154647,6.2380974,2.5887102,0.072247,8.1189,-1.1240
183.9484218,15.2861712,6.0242164,2.6071388,0.075226,8.0842,-1.0768
184.1983517,15.1609196,5.8079390,2.6263145,0.078224,8.0508,-1.0292
184.4482816,15.0399242,5.5892613,2.6462437,0.081266,8.0188,-0.9813
184.6982115,14.9233899,5.3681615,2.6669386,0.084339,7.9882,-0.9331
184.9481414,14.8115482,5.1446671,2.6884041,0.087446,7.9589,-0.8845
185.1980714,14.7046106,4.9187672,2.7106528,0.090593,7.9311,-0.8349
185.4480013,14.6028233,4.6905228,2.7336924,0.093796,7.9048,-0.7846
185.6979312,14.5064054,4.4599338,2.7575409,0.097043,7.8799,-0.7348
185.9478611,14.4156164,4.2270969,2.7821958,0.100266,7.8566,-0.6839
186.1977911,14.3306820,3.9920349,2.8076657,0.103550,7.8348,-0.6306
186.4477210,14.2518695,3.7548833,2.8339674,0.106954,7.8146,-0.5761
186.6976509,14.1794139,3.5156770,2.8611316,0.110412,7.7962,-0.5265
186.9475808,14.1135917,3.2745935,2.8891240,0.113590,7.7793,-0.4749
187.1975107,14.0546330,3.0317093,2.9179219,0.116862,7.7640,-0.4118
187.4474407,14.0028054,2.7872455,2.9476022,0.120727,7.7507,-0.3466
187.6973706,13.9583690,2.5412868,2.9782713,0.124676,7.7396,-0.2868
187.9473005,13.9216198,2.2941040,3.0098803,0.128283,7.7303,-0.2230
188.1972304,13.8928095,2.0458280,3.0424138,0.132069,7.7231,-0.1603
188.4471603,13.8722103,1.7967742,3.0758788,0.135732,7.7179,-0.0955
188.6970903,13.8600692,1.5471378,3.1102678,0.139453,7.7148,-0.0955
188.9470202,13.8565812,1.2972813,-3.1383110,0.136941,7.7117,-0.0484
189.1969501,13.8616473,1.0473805,-3.1044604,0.133934,7.7101,0.0065
189.4468800,13.8750459,0.7978377,-3.0717016,0.127960,7.7104,0.1133
189.6968099,13.8964214,0.5488124,-3.0404843,0.121867,7.7140,0.2203
189.9467399,13.9253789,0.3005840,-3.0106278,0.117188,7.7212,0.3001
190.1966698,13.9615964,0.0532913,-2.9819001,0.112701,7.7309,0.3753
190.4465997,14.0047574,-0.1928576,-2.9543214,0.107990,7.7430,0.4537
190.6965296,14.0545530,-0.4377869,-2.9279136,0.103334,7.7576,0.5304
190.9464595,14.1106522,-0.6813150,-2.9026276,0.099061,7.7747,0.5995
191.1963895,14.1727717,-0.9234131,-2.8783926,0.094871,7.7939,0.6667
191.4463194,14.2406048,-1.1639345,-2.8551895,0.090839,7.8153,0.7309
191.6962493,14.3138928,-1.4028933,-2.8329819,0.086866,7.8386,0.7938
191.9461792,14.3923395,-1.6401661,-2.8117524,0.083048,7.8639,0.8539
192.1961092,14.4757078,-1.8757988,-2.7914667,0.079277,7.8910,0.9133
192.4460391,14.5637147,-2.1096956,-2.7721150,0.075604,7.9199,0.9710
192.6959690,14.6561404,-2.3419257,-2.7536729,0.071968,7.9504,1.0284
192.9458989,14.7527142,-2.5724211,-2.7361343,0.068397,7.9827,1.0850
193.1958288,14.8532283,-2.8012648,-2.7194819,0.064855,8.0166,1.1415
193.4457588,14.9574260,-3.0284211,-2.7037103,0.061366,8.0521,1.1976
193.6956887,15.0651072,-3.2539774,-2.6888057,0.057901,8.0892,1.2539
193.9456186,15.1760312,-3.4779317,-2.6747660,0.054454,8.1279,1.3105
194.1955485,15.2900013,-3.7003721,-2.6615852,0.051021,8.1680,1.3677
194.4454784,15.4067927,-3.9213308,-2.6492677,0.047542,8.2098,1.4267
194.6954084,15.5262047,-4.1408924,-2.6378197,0.044069,8.2531,1.4866
194.9453383,15.6480298,-4.3591274,-2.6272269,0.040711,8.2980,1.5452
195.1952682,15.7720639,-4.5761024,-2.6174686,0.037381,8.3444,1.6044
195.4451981,15.8981307,-4.7919254,-2.6085228,0.034226,8.3923,1.6610
195.6951280,16.0260249,-5.0066381,-2.6003591,0.031106,8.4417,1.7180
195.9450580,16.1556031,-5.2203813,-2.5929772,0.027956,8.4924,1.7771
196.1949879,16.2866486,-5.4331764,-2.5863849,0.024802,8.5445,1.8375
196.4449178,16.4190382,-5.6451999,-2.5805822,0.021622,8.5981,1.9000
196.6948477,16.5525394,-5.8564535,-2.5755768,0.018436,8.6531,1.9641
196.9447776,16.6870490,-6.0671467,-2.5713650,0.015264,8.7097,2.0296
197.1947076,16.8223210,-6.2772623,-2.5679469,0.012091,8.7677,2.0967
197.4446375,16.9582706,-6.4870355,-2.5653250,0.008880,8.8273,2.1666
197.6945674,17.0946386,-6.6964345,-2.5635087,0.005655,8.8884,-1.7286
197.9444973,17.2313512,-6.9057155,-2.5625005,0.002407,8.8397,-2.5687
198.1944273,17.3681382,-7.1148356,-2.5623060,-0.000853,8.7668,-2.5266
198.4443572,17.5049323,-7.3240643,-2.5629311,-0.004156,8.6944,-2.4518
198.6942871,17.6414559,-7.5333538,-2.5643839,-0.007474,8.6237,-2.3784
198.9442170,17.7776399,-7.7429780,-2.5666723,-0.010842,8.5545,-2.3069
199.1941469,17.9132038,-7.9528904,-2.5698039,-0.014225,8.4868,-2.2363
199.4440769,18.0480694,-8.1633606,-2.5737893,-0.017671,8.4207,-2.1675
199.6940068,18.1819564,-8.3743494,-2.5786376,-0.021134,8.3561,-2.0992
199.9439367,18.3147692,-8.5861104,-2.5843613,-0.024674,8.2931,-2.0325
200.1938666,18.4462350,-8.7986240,-2.5909713,-0.028229,8.2316,-1.9658
200.4437965,18.5762307,-9.0121147,-2.5984824,-0.031886,8.1717,-1.9005
200.6937265,18.7044931,-9.2265879,-2.6069099,-0.035561,8.1133,-1.8356
200.9436564,18.8308656,-9.4422300,-2.6162654,-0.039309,8.0566,-1.7723
201.1935863,18.9550972,-9.6590748,-2.6265583,-0.043062,8.0014,-1.7040
201.4435162,19.0769902,-9.8772536,-2.6378275,-0.047158,7.9480,-1.6369
201.6934461,19.1963085,-10.0968634,-2.6501295,-0.051280,7.8964,-1.5632
201.9433761,19.3127865,-10.3179615,-2.6635084,-0.055840,7.8468,-1.4900
202.1933060,19.4261888,-10.5407053,-2.6780424,-0.060452,7.7992,-1.4199
202.4432359,19.5361901,-10.7650885,-2.6937153,-0.064975,7.7535,-1.3512
202.6931658,19.6425592,-10.9912837,-2.7105207,-0.069489,7.7098,-1.2844
202.9430958,19.7449550,-11.2192260,-2.7284442,-0.073962,7.6681,-1.2186
203.1930257,19.8431519,-11.4490971,-2.7474915,-0.078433,7.6283,-1.1540
203.4429556,19.9367906,-11.6807648,-2.7676464,-0.082887,7.5904,-1.0899
203.6928855,20.0256451,-11.9144145,-2.7889251,-0.087359,7.5544,-1.0248
203.9428154,20.1093420,-12.1498504,-2.8113224,-0.091920,7.5204,-0.9597
204.1927454,20.1876422,-12.3872496,-2.8348749,-0.096515,7.4885,-0.8943
204.4426753,20.2601616,-12.6263635,-2.8595696,-0.101153,7.4585,-0.8281
204.6926052,20.3266422,-12.8673397,-2.8854430,-0.105853,7.4307,-0.7626
204.9425351,20.3867001,-13.1098874,-2.9124749,-0.110517,7.4050,-0.6958
205.1924650,20.4400573,-13.3540989,-2.9406935,-0.115261,7.3815,-0.6298
205.4423950,20.4863424,-13.5996568,-2.9700792,-0.119944,7.3602,-0.5614
205.6923249,20.5252581,-13.8465698,-3.0006601,-0.124751,7.3411,-0.4911
205.9422548,20.5564497,-14.0945164,-3.0324448,-0.129647,7.3243,-0.4172
206.1921847,20.5795947,-14.3433824,-3.0654819,-0.134728,7.3101,-0.3600
206.4421146,20.5943572,-14.5928615,-3.0996587,-0.138731,7.2978,-0.3000
206.6920446,20.6004615,-14.8427086,-3.1348444,-0.142857,7.2875,-0.2663
206.9419745,20.5976588,-15.0926287,3.1123189,-0.145317,7.2784,-0.2292
207.1919044,20.5857833,-15.3422467,3.0756792,-0.147946,7.2705,-0.1908
207.4418343,20.5646831,-15.5913156,3.0383659,-0.150624,7.2639,-0.1475
207.6917642,20.5342331,-15.8393262,3.0003657,-0.153556,7.2588,-0.1167
207.9416942,20.4942868,-16.0860573,2.9617155,-0.155658,7.2548,-0.0843
208.1916241,20.4447860,-16.3309876,2.9225485,-0.157824,7.2519,-0.0843
208.4415540,20.3856989,-16.5738227,2.8833842,-0.155327,7.2490,-0.0428
208.6914839,20.3172341,-16.8141683,2.8448882,-0.152782,7.2475,-0.0015
208.9414139,20.2396486,-17.0517589,2.8072024,-0.148698,7.2475,0.0632
209.1913438,20.1533020,-17.2862631,2.7705389,-0.144762,7.2497,0.1240
209.4412737,20.0585080,-17.5175359,2.7348093,-0.141149,7.2539,0.1785
209.6912036,19.9556391,-17.7452688,2.6999717,-0.137690,7.2601,0.2295
209.9411335,19.8449694,-17.9693760,2.6659559,-0.134513,7.2680,0.2751
210.1910635,19.7268529,-18.1895915,2.6327217,-0.131489,7.2774,0.3175
210.4409934,19.6015386,-18.4058498,2.6002136,-0.128643,7.2883,0.3565
210.6909233,19.4693616,-18.6179276,2.5684087,-0.125913,7.3006,0.3932
210.9408532,19.3305503,-18.8257810,2.5372687,-0.123270,7.3140,0.4280
211.1907831,19.1854286,-19.0292219,2.5067808,-0.120746,7.3286,0.4605
211.4407131,19.0342050,-19.2282289,2.4769025,-0.118338,7.3443,0.4909
211.6906430,18.8771922,-19.4226394,2.4476205,-0.116023,7.3610,0.5196
211.9405729,18.7145779,-19.6124512,2.4189001,-0.113798,7.3786,0.5465
212.1905028,18.5466613,-19.7975283,2.3907301,-0.111662,7.3971,0.5719
212.4404327,18.3736136,-19.9778801,2.3630728,-0.109652,7.4164,0.5952
212.6903627,18.1957207,-20.1533904,2.3359130,-0.107722,7.4364,0.6170
212.9402926,18.0131334,-20.3240801,2.3092245,-0.105836,7.4571,0.6381
213.1902225,17.8261305,-20.4898493,2.2830034,-0.104025,7.4785,0.6579
213.4401524,17.6348444,-20.6507324,2.2572251,-0.102249,7.5004,0.6772
213.6900823,17.4395475,-20.8066447,2.2318878,-0.100537,7.5230,0.6954
213.9400123,17.2403559,-20.9576305,2.2069686,-0.098863,7.5460,0.7130
214.1899422,17.0375336,-21.1036206,2.1824653,-0.097248,7.5696,0.7297
214.4398721,16.8311833,-21.2446659,2.1583576,-0.095658,7.5937,0.7461
214.6898020,16.6215604,-21.3807115,2.1346452,-0.094122,7.6182,0.7616
214.9397320,16.4087542,-21.5118141,2.1113076,-0.092620,7.6431,0.7766
215.1896619,16.1930117,-21.6379314,2.0883438,-0.091167,7.6685,0.7909
215.4395918,15.9744102,-21.7591237,2.0657352,-0.089742,7.6942,0.8048
215.6895217,15.7531866,-21.8753609,2.0434816,-0.088360,7.7203,0.8181
215.9394516,15.5294086,-21.9867055,2.0215660,-0.087004,7.7468,0.8311
216.1893816,15.3033040,-22.0931382,1.9999881,-0.085689,7.7735,0.8434
216.4393115,15.0749308,-22.1947229,1.9787318,-0.084399,7.8006,0.8555
216.6892414,14.8445060,-22.2914510,1.9577977,-0.083141,7.8280,0.8672
216.9391713,14.6120820,-22.3833858,1.9371713,-0.081908,7.8556,0.8786
217.1891012,14.3778621,-22.4705296,1.9168522,-0.080708,7.8835,0.8895
217.4390312,14.1418956,-22.5529442,1.8968275,-0.079528,7.9116,0.9002
217.6889611,13.9043730,-22.6306409,1.8770970,-0.078376,7.9400,0.9106
217.9388910,13.6653401,-22.7036807,1.8576496,-0.077240,7.9686,0.9208
218.1888209,13.4249742,-22.7720834,1.8384854,-0.076131,7.9975,0.9308
218.4387508,13.1833196,-22.8359085,1.8195937,-0.075040,8.0265,0.9405
218.6886808,12.9405392,-22.8951833,1.8009738,-0.073970,8.0557,0.9501
218.9386107,12.6966775,-22.9499661,1.7826200,-0.072898,8.0852,0.9598
219.1885406,12.4518836,-23.0002916,1.7645332,-0.071851,8.1148,0.9693
219.4384705,12.2062028,-23.0462174,1.7467017,-0.070838,8.1446,0.9783
219.6884004,11.9597678,-23.0877831,1.7291223,-0.069863,8.1745,0.9867
219.9383304,11.7126277,-23.1250416,1.7117698,-0.068995,8.2047,0.9931
220.1882603,11.4648951,-23.1580312,1.6946331,-0.068149,8.2348,0.9993
220.4381902,11.2166260,-23.1867977,1.6777011,-0.067346,8.2651,1.0047
220.6881201,10.9679154,-23.2113808,1.6609683,-0.066564,8.2954,1.0099
220.9380501,10.7188251,-23.2318232,1.6444252,-0.065819,8.3258,1.0146
221.1879800,10.4694351,-23.2481653,1.6280669,-0.065092,8.3562,1.0190
221.4379099,10.2198114,-23.2604481,1.6118859,-0.064395,8.3866,1.0230
221.6878398,9.9700211,-23.2687119,1.5958772,-0.063717,8.4171,1.0267
221.9377697,9.7201336,-23.2729968,1.5800335,-0.063071,8.4475,1.0299
222.1876997,9.4702052,-23.2733422,1.5643495,-0.062442,8.4779,1.0329
222.4376296,9.2203075,-23.2697873,1.5488191,-0.061840,8.5083,1.0355
222.6875595,8.9704876,-23.2623704,1.5334372,-0.061255,8.5387,1.0379
222.9374894,8.7208182,-23.2511301,1.5181982,-0.060695,8.5690,1.0398
223.1874193,8.4713396,-23.2361033,1.5030970,-0.060153,8.5993,1.0416
223.4373493,8.2221239,-23.2173283,1.4881286,-0.059632,8.6295,1.0430
223.6872792,7.9732062,-23.1948403,1.4732881,-0.059129,8.6597,1.0442
223.9372091,7.7246576,-23.1686773,1.4585711,-0.058646,8.6897,1.0450
224.1871390,7.4765092,-23.1388730,1.4439726,-0.058178,8.7197,1.0457
224.4370689,7.2288302,-23.1054650,1.4294887,-0.057730,8.7497,1.0460
224.6869989,6.9816491,-23.0684855,1.4151149,-0.057296,8.7795,1.0462
224.9369288,6.7350324,-23.0279718,1.4008477,-0.056878,8.8092,1.0461
225.1868587,6.4890071,-22.9839547,1.3866828,-0.056474,8.8389,1.0458
225.4367886,6.2436364,-22.9364713,1.3726175,-0.056084,8.8684,1.0453
225.6867186,5.9989469,-22.8855515,1.3586477,-0.055707,8.8978,1.0446
225.9366485,5.7549978,-22.8312316,1.3447706,-0.055345,8.9271,1.0437
226.1865784,5.5118160,-22.7735408,1.3309822,-0.054995,8.9562,1.0426
226.4365083,5.2694568,-22.7125147,1.3172799,-0.054658,8.9853,1.0413
226.6864382,5.0279476,-22.6481819,1.3036601,-0.054333,9.0142,1.0399
226.9363682,4.7873398,-22.5805771,1.2901201,-0.054020,9.0430,1.0383
227.1862981,4.5476616,-22.5097284,1.2766566,-0.053719,9.0717,1.0364
227.4362280,4.3089604,-22.4356696,1.2632671,-0.053429,9.1002,1.0345
227.6861579,4.0712657,-22.3584287,1.2499485,-0.053151,9.1285,1.0323
227.9360878,3.8346211,-22.2780382,1.2366983,-0.052883,9.1567,1.0300
228.1860178,3.5990570,-22.1945260,1.2235136,-0.052625,9.1848,1.0275
228.4359477,3.3646137,-22.1079235,1.2103921,-0.052378,9.2127,1.0248
228.6858776,3.1313226,-22.0182589,1.1973309,-0.052141,9.2405,1.0220
228.9358075,2.8992207,-21.9255621,1.1843279,-0.051914,9.2681,1.0191
229.1857374,2.6683405,-21.8298613,1.1713803,-0.051697,9.2955,1.0160
229.4356674,2.4387161,-21.7311856,1.1584860,-0.051489,9.3228,1.0127
229.6855973,2.2103807,-21.6295632,1.1456424,-0.051290,9.3499,1.0092
229.9355272,1.9833661,-21.5250219,1.1328474,-0.051100,9.3769,1.0057
230.1854571,1.7577061,-21.4175902,1.1200987,-0.050920,9.4036,1.0019
230.4353870,1.5334302,-21.3072948,1.1073939,-0.050748,9.4302,0.9980
230.6853170,1.3105727,-21.1941645,1.0947310,-0.050585,9.4566,0.9940
230.9352469,1.0891616,-21.0782248,1.0821078,-0.050430,9.4829,0.9899
231.1851768,0.8692312,-20.9595047,1.0695224,-0.050284,9.5089,0.9855
231.4351067,0.6508081,-20.8380289,1.0569722,-0.050147,9.5348,0.9810
231.6850367,0.4339267,-20.7138264,1.0444553,-0.050019,9.5605,0.9763
231.9349666,0.2186127,-20.5869209,1.0319691,-0.049900,9.5860,0.9715
232.1848965,0.0049000,-20.4573414,1.0195135,-0.049762,9.6113,0.9673
232.4348264,-0.2071867,-20.3251128,1.0070958,-0.049609,9.6364,0.9635
232.6847563,-0.4176154,-20.1902662,0.9947170,-0.049441,9.6613,0.9603
232.9346863,-0.6263639,-20.0528284,0.9823828,-0.049261,9.6861,0.9574
233.1846162,-0.8334022,-19.9128325,0.9700922,-0.049096,9.7108,0.9543
233.4345461,-1.0387095,-19.7703051,0.9578408,-0.048944,9.7353,0.9508
233.6844760,-1.2422558,-19.6252785,0.9456267,-0.048796,9.7597,0.9472
233.9344059,-1.4440204,-19.4777787,0.9334489,-0.048654,9.7839,0.9436
234.1843359,-1.6439744,-19.3278381,0.9213058,-0.048520,9.8080,0.9399
234.4342658,-1.8420974,-19.1754821,0.9091952,-0.048393,9.8319,0.9359
234.6841957,-2.0383613,-19.0207426,0.8971155,-0.048273,9.8557,0.9319
234.9341256,-2.2327459,-18.8636450,0.8850650,-0.048159,9.8793,0.9277
235.1840555,-2.4252238,-18.7042206,0.8730421,-0.048052,9.9028,0.9234
235.4339855,-2.6157749,-18.5424946,0.8610450,-0.047952,9.9260,0.9189
235.6839154,-2.8043725,-18.3784981,0.8490722,-0.047858,9.9491,0.9144
235.9338453,-2.9909965,-18.2122560,0.8371220,-0.047771,9.9721,0.9096
236.1837752,-3.1756209,-18.0437990,0.8251928,-0.047690,9.9949,0.9048
236.4337051,-3.3582258,-17.8731521,0.8132830,-0.047616,10.0175,0.8998
236.6836351,-3.5387857,-17.7003454,0.8013910,-0.047547,10.0399,0.8947
236.9335650,-3.7172804,-17.5254041,0.7895154,-0.047485,10.0621,0.8895
237.1834949,-3.8936854,-17.3483579,0.7776544,-0.047430,10.0842,0.8841
237.4334248,-4.0679802,-17.1692320,0.7658066,-0.047380,10.1061,0.8786
237.6833548,-4.2401407,-16.9880556,0.7539705,-0.047336,10.1278,0.8730
237.9332847,-4.4101466,-16.8048543,0.7421444,-0.047300,10.1493,0.8672
238.1832146,-4.5779742,-16.6196569,0.7303267,-0.047269,10.1706,0.8613
238.4331445,-4.7436029,-16.4324890,0.7185161,-0.047244,10.1918,0.8553
238.6830744,-4.9070093,-16.2433791,0.7067107,-0.047226,10.2127,0.8491
238.9330044,-5.0681728,-16.0523532,0.6949091,-0.047214,10.2335,0.8427
239.1829343,-5.2270706,-15.8594393,0.6831096,-0.047210,10.2541,0.8362
239.4328642,-5.3836815,-15.6646635,0.6713103,-0.047212,10.2744,0.8295
239.6827941,-5.5379829,-15.4680537,0.6595095,-0.047222,10.2946,0.8226
239.9327240,-5.6899533,-15.2696363,0.6477054,-0.047238,10.3145,0.8156
240.1826540,-5.8395706,-15.0694386,0.6358966,-0.047259,10.3343,0.8085
240.4325839,-5.9868128,-14.8674877,0.6240818,-0.047287,10.3538,0.8012
240.6825138,-6.1316582,-14.6638104,0.6122584,-0.047333,10.3731,0.7934
240.9324437,-6.2740837,-14.4584344,0.6004209,-0.047395,10.3922,0.7850
241.1823736,-6.4140669,-14.2513857,0.5885754,-0.047344,10.4111,0.7805
241.4323036,-6.5515902,-14.0426957,0.5767602,-0.047205,10.4298,0.7788
241.6822335,-6.6866423,-13.8323977,0.5649844,-0.046995,10.4485,0.7796
241.9321634,-6.8192150,-13.6205281,0.5532723,-0.046730,10.4671,0.7822
242.1820933,-6.9493048,-13.4071239,0.5416252,-0.046474,10.4858,0.7845
242.4320232,-7.0769066,-13.1922238,0.5300410,-0.046227,10.5044,0.7866
242.6819532,-7.2020174,-12.9758632,0.5185166,-0.046001,10.5231,0.7881
242.9318831,-7.3246319,-12.7580793,0.5070459,-0.045792,10.5418,0.7890
243.1818130,-7.4447461,-12.5389061,0.4956267,-0.045589,10.5605,0.7897
243.4317429,-7.5623551,-12.3183788,0.4842573,-0.045393,10.5792,0.7903
243.6816729,-7.6774549,-12.0965311,0.4729359,-0.045206,10.5979,0.7906
243.9316028,-7.7900407,-11.8733974,0.4616598,-0.045029,10.6165,0.7906
244.1815327,-7.9001084,-11.6490106,0.4504277,-0.044852,10.6351,0.7906
244.4314626,-8.0076537,-11.4234043,0.4392396,-0.044678,10.6536,0.7906
244.6813925,-8.1126729,-11.1966112,0.4280921,-0.044544,10.6722,0.7892
244.9313225,-8.2151609,-10.9686630,0.4169722,-0.044441,10.6906,0.7868
245.1812524,-8.3151104,-10.7395905,0.4058736,-0.044399,10.7090,0.7824
245.4311823,-8.4125120,-10.5094227,0.3947763,-0.044405,10.7273,0.7763
245.6811122,-8.5073532,-10.2781883,0.3836769,-0.044415,10.7453,0.7702
245.9310421,-8.5996217,-10.0459150,0.3725749,-0.044427,10.7632,0.7640
246.1809721,-8.6893054,-9.8126322,0.3614694,-0.044443,10.7810,0.7577
246.4309020,-8.7763925,-9.5783670,0.3503596,-0.044461,10.7985,0.7514
246.6808319,-8.8608710,-9.3431491,0.3392446,-0.044486,10.8159,0.7449
246.9307618,-8.9427292,-9.1070057,0.3281221,-0.044519,10.8331,0.7381
247.1806917,-9.0219547,-8.8699667,0.3169908,-0.044556,10.8501,0.7313
247.4306217,-9.0985359,-8.6320596,0.3058498,-0.044597,10.8669,0.7243
247.6805516,-9.1724604,-8.3933143,0.2946981,-0.044643,10.8836,0.7172
247.9304815,-9.2437166,-8.1537585,0.2835340,-0.044695,10.9000,0.7100
248.1804114,-9.3122923,-7.9134220,0.2723563,-0.044752,10.9163,0.7026
248.4303414,-9.3781758,-7.6723332,0.2611639,-0.044813,10.9324,0.6951
248.6802713,-9.4413548,-7.4305219,0.2499556,-0.044879,10.9483,0.6875
248.9302012,-9.5018177,-7.1880169,0.2387304,-0.044949,10.9639,0.6797
249.1801311,-9.5595523,-6.9448483,0.2274868,-0.045026,10.9794,0.6718
249.4300610,-9.6145470,-6.7010451,0.2162231,-0.045110,10.9947,0.6636
249.6799910,-9.6667895,-6.4566373,0.2049383,-0.045192,11.0098,0.6556
249.9299209,-9.7162681,-6.2116550,0.1936329,-0.045276,11.0246,0.6475
250.1798508,-9.7629714,-5.9661280,0.1823042,-0.045390,11.0393,0.6384
250.4297807,-9.8068862,-5.7200877,0.1709428,-0.045527,11.0538,0.6285
250.6797106,-9.8479991,-5.4735636,0.1595552,-0.045544,11.0680,0.6231
250.9296406,-9.8863033,-5.2265879,0.1481820,-0.045468,11.0820,0.6211
251.1795705,-9.9217990,-4.9791934,0.1368421,-0.045186,11.0960,0.6268
251.4295004,-9.9544991,-4.7314133,0.1256041,-0.044744,11.1101,0.6385
251.6794303,-9.9844259,-4.4832829,0.1144684,-0.044413,11.1245,0.6460
251.9293602,-10.0115965,-4.2348354,0.1033986,-0.044171,11.1390,0.6502
252.1792902,-10.0360228,-3.9861026,0.0923922,-0.043882,11.1536,0.6562
252.4292201,-10.0577198,-3.7371174,0.0814653,-0.043558,11.1683,0.6635
252.6791500,-10.0767056,-3.4879109,0.0706344,-0.043016,11.1831,0.6790
252.9290799,-10.0930115,-3.2385148,0.0599724,-0.042304,11.1983,0.7010
253.1790098,-10.1066802,-2.9889600,0.0494994,-0.041434,11.2139,0.7289
253.4289398,-10.1177642,-2.7392770,0.0392680,-0.040442,11.2301,0.7615
253.6788697,-10.1263240,-2.4894938,0.0292843,-0.039447,11.2471,0.7941
253.9287996,-10.1324207,-2.2396392,0.0195501,-0.038449,11.2647,0.8269
254.1787295,-10.1361162,-1.9897368,0.0100644,-0.037459,11.2830,0.8594
254.4286595,-10.1374719,-1.7398117,0.0008254,-0.036474,11.3021,0.8918
254.6785894,-10.1365493,-1.4898841,-0.0081677,-0.035492,11.3218,0.9241
254.9285193,-10.1334097,-1.2399749,-0.0169159,-0.034514,11.3421,0.9563
255.1784492,-10.1281145,-0.9901018,-0.0254200,-0.033539,11.3632,0.9885
255.4283791,-10.1207250,-0.7402821,-0.0336809,-0.032567,11.3849,1.0206
255.6783091,-10.1113023,-0.4905306,-0.0416993,-0.031598,11.4073,1.0528
255.9282390,-10.0999077,-0.2408614,-0.0494753,-0.030629,11.4303,1.0851
256.1781689,-10.0866021,0.0087132,-0.0570098,-0.029666,11.4540,1.1173
256.4280988,-10.0714464,0.2581824,-0.0643046,-0.028709,11.4784,1.1494
256.6780287,-10.0545012,0.5075362,-0.0713597,-0.027744,11.5034,1.1820
256.9279587,-10.0358273,0.7567670,-0.0781723,-0.026773,11.5291,1.2150
257.1778886,-10.0154862,1.0058666,-0.0847438,-0.025824,11.5554,1.2473
257.4278185,-9.9935377,1.2548305,-0.0910814,-0.024892,11.5823,1.2790
257.6777484,-9.9700404,1.5036523,-0.0971951,-0.024086,11.6099,1.3059
257.9276783,-9.9450454,1.7523290,-0.1031267,-0.023380,11.6379,1.3290
258.1776083,-9.9185978,2.0008546,-0.1088816,-0.022673,11.6665,1.3522
258.4275382,-9.8907423,2.2492273,-0.1144598,-0.021965,11.6954,1.3757
258.6774681,-9.8615238,2.4974427,-0.1198613,-0.021260,11.7247,1.3992
258.9273980,-9.8309867,2.7455001,-0.1250866,-0.020555,11.7545,1.4230
259.1773279,-9.7991757,2.9933968,-0.1301360,-0.019853,11.7848,1.4468
259.4272579,-9.7661351,3.2411332,-0.1350104,-0.019154,11.8154,1.4707
259.6771878,-9.7319089,3.4887083,-0.1397101,-0.018455,11.8465,1.4948
259.9271177,-9.6965411,3.7361232,-0.1442354,-0.017757,11.8780,1.5191
260.1770476,-9.6600757,3.9833785,-0.1485863,-0.017060,11.9099,1.5436
260.4269776,-9.6225563,4.2304763,-0.1527631,-0.016364,11.9422,1.5683
260.6769075,-9.5840266,4.4774185,-0.1567662,-0.015669,11.9750,1.5932
260.9268374,-9.5445302,4.7242080,-0.1605958,-0.014976,12.0082,1.6183
261.1767673,-9.5041102,4.9708480,-0.1642521,-0.014283,12.0418,1.6436
261.4266972,-9.4628101,5.2173419,-0.1677353,-0.013590,12.0759,1.6692
261.6766272,-9.4206730,5.4636945,-0.1710455,-0.012899,12.1104,1.6950
261.9265571,-9.3777419,5.7099095,-0.1741829,-0.012208,12.1453,1.7210
262.1764870,-9.3340598,5.9559928,-0.1771477,-0.011517,12.1807,1.7473
262.4264169,-9.2896695,6.2019489,-0.1799398,-0.010827,12.2165,1.7739
262.6763468,-9.2446139,6.4477843,-0.1825596,-0.010138,12.2527,1.8008
262.9262768,-9.1989355,6.6935044,-0.1850075,-0.009451,12.2894,1.8279
263.1762067,-9.1526769,6.9391162,-0.1872833,-0.008760,12.3265,1.8554
263.4261366,-9.1058806,7.1846258,-0.1893862,-0.008067,12.3641,1.8834
263.6760665,-9.0585894,7.4300406,-0.1913169,-0.007390,12.4021,1.9109
263.9259964,-9.0108450,7.6753676,-0.1930809,-0.006726,12.4406,1.9382
264.1759264,-8.9626888,7.9206138,-0.1946681,-0.005905,12.4794,1.9732
264.4258563,-8.9141709,8.1657891,-0.1960258,-0.004959,12.5189,2.0145
264.6757862,-8.8653493,8.4109037,-0.1971444,-0.003977,12.5591,2.0581
264.9257161,-8.8162841,8.6559702,-0.1980119,-0.002965,12.5999,2.1036
265.1756460,-8.7670374,8.9009996,-0.1986273,-0.001963,12.6416,2.1492
265.4255760,-8.7176703,9.1460055,-0.1989936,-0.000968,12.6840,2.1951
265.6755059,-8.6682441,9.3909987,-0.1991109,0.000030,12.7272,-0.4824
265.9254358,-8.6188196,9.6359931,-0.1989782,0.001031,12.7177,-2.6591
266.1753657,-8.5694585,9.8809993,-0.1985955,0.002031,12.6654,-2.6100
266.4252957,-8.5202215,10.1260315,-0.1979631,0.003030,12.6137,-2.5616
266.6752256,-8.4711703,10.3710999,-0.1970810,0.004029,12.5629,-2.5140
266.9251555,-8.4223656,10.6162187,-0.1959493,0.005027,12.5128,-2.4673
267.1750854,-8.3738692,10.8613973,-0.1945682,0.006025,12.4634,-2.4213
267.4250153,-8.3257418,11.1066500,-0.1929379,0.007021,12.4147,-2.3760
267.6749453,-8.2780451,11.3519854,-0.1910587,0.008016,12.3668,-2.3315
267.9248752,-8.2308397,11.5974174,-0.1889310,0.009010,12.3196,-2.2878
268.1748051,-8.1841874,11.8429535,-0.1865550,0.010002,12.2731,-2.2447
268.4247350,-8.1381488,12.0886070,-0.1839312,0.010993,12.2273,-2.2024
268.6746649,-8.0927855,12.3343846,-0.1810600,0.011982,12.1822,-2.1608
268.9245949,-8.0481583,12.5802984,-0.1779420,0.012969,12.1378,-2.1198
269.1745248,-8.0043286,12.8263541,-0.1745774,0.013954,12.0941,-2.0795
269.4244547,-7.9613570,13.0725627,-0.1709670,0.014938,12.0510,-2.0399
269.6743846,-7.9193051,13.3189285,-0.1671110,0.015917,12.0086,-2.0011
269.9243145,-7.8782334,13.5654611,-0.1630112,0.016892,11.9669,-1.9624
270.1742445,-7.8382031,13.8121637,-0.1586670,0.017875,11.9259,-1.9239
270.4241744,-7.7992751,14.0590438,-0.1540759,0.018865,11.8855,-1.8880
270.6741043,-7.7615116,14.3061030,-0.1492407,0.019805,11.8457,-1.8544
270.9240342,-7.7249712,14.5533476,-0.1441787,0.020702,11.8065,-1.8256
271.1739641,-7.6897105,14.8007762,-0.1388996,0.021493,11.7678,-1.8010
271.4238941,-7.6557790,15.0483924,-0.1334404,0.022193,11.7295,-1.7759
271.6738240,-7.6232216,15.2961920,-0.1278050,0.022911,11.6916,-1.7506
271.9237539,-7.5920836,15.5441750,-0.1219873,0.023644,11.6541,-1.7255
272.1736838,-7.5624116,15.7923371,-0.1159864,0.024377,11.6171,-1.7008
272.4236138,-7.5342520,16.0406758,-0.1098023,0.025110,11.5804,-1.6763
272.6735437,-7.5076515,16.2891860,-0.1034349,0.025844,11.5442,-1.6520
272.9234736,-7.4826567,16.5378630,-0.0968835,0.026582,11.5083,-1.6279
273.1734035,-7.4593146,16.7867006,-0.0901476,0.027321,11.4729,-1.6040
273.4233334,-7.4376722,17.0356916,-0.0832265,0.028063,11.4379,-1.5802
273.6732634,-7.4177767,17.2848285,-0.0761196,0.028809,11.4034,-1.5565
273.9231933,-7.3996755,17.5341019,-0.0688257,0.029559,11.3692,-1.5330
274.1731232,-7.3834164,17.7835026,-0.0613441,0.030311,11.3354,-1.5096
274.4230531,-7.3690472,18.0330188,-0.0536741,0.031066,11.3021,-1.4864
274.6729830,-7.3566157,18.2826397,-0.0458150,0.031824,11.2692,-1.4633
274.9229130,-7.3461701,18.5323508,-0.0377661,0.032585,11.2367,-1.4403
275.1728429,-7.3377585,18.7821394,-0.0295267,0.033349,11.2046,-1.4174
275.4227728,-7.3314291,19.0319886,-0.0210959,0.034117,11.1730,-1.3946
275.6727027,-7.3272304,19.2818834,-0.0124729,0.034887,11.1417,-1.3720
275.9226326,-7.3252107,19.5318046,-0.0036569,0.035661,11.1109,-1.3494
276.1725626,-7.3254186,19.7817345,0.0053529,0.036438,11.0805,-1.3269
276.4224925,-7.3279026,20.0316514,0.0145574,0.037219,11.0505,-1.3044
276.6724224,-7.3327113,20.2815350,0.0239577,0.038004,11.0210,-1.2820
276.9223523,-7.3398932,20.5313609,0.0335546,0.038793,10.9919,-1.2596
277.1722823,-7.3494970,20.7811060,0.0433493,0.039586,10.9632,-1.2373
277.4222122,-7.3615712,21.0307433,0.0533427,0.040384,10.9350,-1.2150
277.6721421,-7.3761644,21.2802463,0.0635362,0.041187,10.9072,-1.1926
277.9220720,-7.3933252,21.5295856,0.0739308,0.041994,10.8798,-1.1702
278.1720019,-7.4131020,21.7787310,0.0845280,0.042807,10.8529,-1.1478
278.4219319,-7.4355433,22.0276505,0.0953290,0.043626,10.8264,-1.1253
278.6718618,-7.4606972,22.2763103,0.1063354,0.044451,10.8004,-1.1027
278.9217917,-7.4886121,22.5246755,0.1175491,0.045284,10.7749,-1.0800
279.1717216,-7.5193361,22.7727084,0.1289715,0.046121,10.7498,-1.0574
279.4216515,-7.5529171,23.0203710,0.1406036,0.046963,10.7252,-1.0343
279.6715815,-7.5894026,23.2676215,0.1524473,0.047819,10.7010,-1.0108
279.9215114,-7.6288407,23.5144191,0.1645077,0.048692,10.6774,-0.9877
280.1714413,-7.6712789,23.7607175,0.1767861,0.049556,10.6543,-0.9650
280.4213712,-7.7167646,24.0064724,0.1892784,0.050411,10.6316,-0.9407
280.6713011,-7.7653428,24.2516335,0.2019879,0.051317,10.6095,-0.9146
280.9212311,-7.8170616,24.4961523,0.2149332,0.052276,10.5879,-0.8891
281.1711610,-7.8719703,24.7399729,0.2281180,0.053222,10.5669,-0.8641
281.4210909,-7.9301176,24.9830430,0.2415360,0.054153,10.5464,-0.8384
281.6710208,-7.9915491,25.2253024,0.2551887,0.055110,10.5265,-0.8117
281.9209507,-8.0563118,25.4666940,0.2690854,0.056097,10.5072,-0.7843
282.1708807,-8.1244520,25.7071522,0.2832305,0.057104,10.4886,-0.7561
282.4208106,-8.1960174,25.9466146,0.2976310,0.058134,10.4705,-0.7270
282.6707405,-8.2710540,26.1850108,0.3122913,0.059196,10.4532,-0.6965
282.9206704,-8.3496099,26.4222719,0.3272233,0.060296,10.4365,-0.6652
283.1706004,-8.4317320,26.6583215,0.3424326,0.061423,10.4206,-0.6328
283.4205303,-8.5174683,26.8930832,0.3579284,0.062581,10.4054,-0.5974
283.6704602,-8.6068655,27.1264735,0.3737197,0.063827,10.3910,-0.5586
283.9203901,-8.6999748,27.3584088,0.3898399,0.065173,10.3776,-0.5154
284.1703200,-8.7968499,27.5887967,0.4063051,0.066653,10.3652,-0.4668
284.4202500,-8.8975500,27.8175391,0.4231681,0.068292,10.3539,-0.4183
284.6701799,-9.0021401,28.0445309,0.4404415,0.069919,10.3438,-0.3699
284.9201098,-9.1106802,28.2696591,0.4581179,0.071535,10.3348,-0.3192
285.1700397,-9.2232296,28.4928142,0.4762037,0.073213,10.3271,-0.2656
285.4199696,-9.3398424,28.7138700,0.4947204,0.074968,10.3207,-0.2196
285.6698996,-9.4605761,28.9327026,0.5136640,0.076475,10.3154,-0.1827
285.9198295,-9.5854687,29.1491867,0.5329285,0.077688,10.3109,-0.1704
286.1697594,-9.7145369,29.3632020,0.5524528,0.078132,10.3068,-0.1704
286.4196893,-9.8477592,29.5746608,0.5719245,0.077689,10.3027,-0.1541
286.6696192,-9.9850618,29.7834937,0.5912723,0.076994,10.2989,-0.1299
286.9195492,-10.1263578,29.9896479,0.6103928,0.076019,10.2958,-0.0972
287.1694791,-10.2715448,30.1930806,0.6292689,0.074987,10.2934,-0.0631
287.4194090,-10.4205181,30.3937560,0.6478705,0.073871,10.2919,-0.0267
287.6693389,-10.5731686,30.5916442,0.6661948,0.072758,10.2913,0.0091
287.9192688,-10.7293940,30.7867263,0.6842387,0.071637,10.2915,0.0448
288.1691988,-10.8890853,30.9789781,0.7020042,0.070531,10.2926,0.0795
288.4191287,-11.0521427,31.1683875,0.7194954,0.069440,10.2945,0.1134
288.6690586,-11.2184593,31.3549347,0.7367170,0.068385,10.2972,0.1459
288.9189885,-11.3879422,31.5386147,0.7536794,0.067354,10.3008,0.1772
289.1689185,-11.5604896,31.7194126,0.7703813,0.066276,10.3051,0.2098
289.4188484,-11.7360114,31.8973314,0.7868044,0.065148,10.3102,0.2436
289.6687783,-11.9144051,32.0723666,0.8029574,0.064209,10.3161,0.2711
289.9187082,-12.0955868,32.2445178,0.8189132,0.063475,10.3226,0.2918
290.1686381,-12.2794742,32.4137702,0.8347016,0.063005,10.3297,0.3039
290.4185681,-12.4660066,32.5801074,0.8504248,0.062818,10.3371,0.3068
290.6684980,-12.6551255,32.7434940,0.8661007,0.062618,10.3445,0.3101
290.9184279,-12.8467802,32.9039029,0.8817242,0.062407,10.3520,0.3137
291.1683578,-13.0409138,33.0613033,0.8972961,0.062206,10.3595,0.3170
291.4182877,-13.2374710,33.2156665,0.9128194,0.062018,10.3672,0.3199
291.6682177,-13.4363985,33.3669655,0.9282996,0.061879,10.3749,0.3212
291.9181476,-13.6376405,33.5151688,0.9437533,0.061789,10.3826,0.3208
292.1680775,-13.8411494,33.6602483,0.9591861,0.061708,10.3903,0.3202
292.4180074,-14.0468693,33.8021704,0.9745997,0.061638,10.3980,0.3193
292.6679373,-14.2547549,33.9409092,0.9899975,0.061577,10.4057,0.3181
292.9178673,-14.4647470,34.0764296,1.0053803,0.061525,10.4134,0.3166
293.1677972,-14.6768032,34.2087083,1.0207525,0.061488,10.4209,0.3146
293.4177271,-14.8908616,34.3377092,1.0361172,0.061468,10.4285,0.3121
293.6676570,-15.1068831,34.4634103,1.0514789,0.061456,10.4360,0.3093
293.9175869,-15.3248029,34.5857747,1.0668375,0.061452,10.4434,0.3064
294.1675169,-15.5445844,34.7047822,1.0821974,0.061460,10.4507,0.3030
294.4174468,-15.7661595,34.8203953,1.0975602,0.061481,10.4579,0.2993
294.6673767,-15.9894940,34.9325946,1.1129306,0.061511,10.4651,0.2952
294.9173066,-16.2145176,35.0413427,1.1283082,0.061549,10.4721,0.2910
295.1672366,-16.4411978,35.1466212,1.1436981,0.061601,10.4791,0.2864
295.4171665,-16.6694615,35.2483928,1.1591013,0.061665,10.4859,0.2814
295.6670964,-16.8992773,35.3466388,1.1745236,0.061744,10.4926,0.2759
295.9170263,-17.1305709,35.4413223,1.1899659,0.061835,10.4992,0.2701
296.1669562,-17.3633094,35.5324239,1.2054291,0.061851,10.5056,0.2668
296.4168862,-17.5974179,35.6199134,1.2208743,0.061750,10.5120,0.2675
296.6668161,-17.8328594,35.7037835,1.2362935,0.061599,10.5183,0.2698
296.9167460,-18.0695536,35.7840158,1.2516594,0.061368,10.5247,0.2748
297.1666759,-18.3074626,35.8606121,1.2669716,0.061176,10.5313,0.2785
297.4166058,-18.5465032,35.9335583,1.2822430,0.061035,10.5379,0.2804
297.6665358,-18.7866398,36.0028528,1.2974816,0.060900,10.5445,-0.1488
297.9164657,-19.0277925,36.0684815,1.3126841,0.060760,10.5410,-0.6446
298.1663956,-19.2699240,36.1304431,1.3278547,0.060639,10.5257,-0.6541
298.4163255,-19.5129573,36.1887257,1.3429970,0.060538,10.5101,-0.6629
298.6662554,-19.7568534,36.2433265,1.3581167,0.060450,10.4944,-0.6713
298.9161854,-20.0015383,36.2942345,1.3732146,0.060371,10.4784,-0.6795
299.1661153,-20.2469710,36.3414463,1.3882951,0.060306,10.4622,-0.6873
299.4160452,-20.4930805,36.3849523,1.4033606,0.060255,10.4457,-0.6946
299.6659751,-20.7398233,36.4247481,1.4184154,0.060217,10.4291,-0.7016
299.9159051,-20.9871319,36.4608252,1.4334617,0.060190,10.4123,-0.7083
300.1658350,-21.2349594,36.4931785,1.4485032,0.060177,10.3952,-0.7146
300.4157649,-21.4832422,36.5218006,1.4635425,0.060174,10.3780,-0.7206
300.6656948,-21.7319295,36.5466857,1.4785833,0.060186,10.3607,-0.7262
300.9156247,-21.9809620,36.5678271,1.4936280,0.060208,10.3431,-0.7314
301.1655547,-22.2302841,36.5852187,1.5086803,0.060244,10.3255,-0.7363
301.4154846,-22.4798413,36.5988545,1.5237427,0.060291,10.3076,-0.7409
301.6654145,-22.7295728,36.6087283,1.5388187,0.060352,10.2896,-0.7451
301.9153444,-22.9794288,36.6148342,1.5539111,0.060423,10.2715,-0.7490
302.1652743,-23.2293432,36.6171662,1.5690231,0.060509,10.2533,-0.7525
302.4152043,-23.4792710,36.6157186,1.5841579,0.060605,10.2349,-0.7558
302.6651342,-23.7291399,36.6104857,1.5993182,0.060715,10.2165,-0.7586
302.9150641,-23.9789103,36.6014615,1.6145080,0.060837,10.1979,-0.7611
303.1649940,-24.2285034,36.5886413,1.6297294,0.060973,10.1792,-0.7632
303.4149239,-24.4778848,36.5720182,1.6449870,0.061121,10.1604,-0.7650
303.6648539,-24.7269689,36.5515888,1.6602825,0.061283,10.1416,-0.7664
303.9147838,-24.9757266,36.5273452,1.6756210,0.061458,10.1227,-0.7675
304.1647137,-25.2240653,36.4992856,1.6910040,0.061648,10.1037,-0.7681
304.4146436,-25.4719609,36.4674006,1.7064372,0.061850,10.0847,-0.7683
304.6645735,-25.7193137,36.4316905,1.7219217,0.062068,10.0657,-0.7678
304.9145035,-25.9661046,36.3921441,1.7374638,0.062300,10.0466,-0.7669
305.1644334,-26.2122264,36.3487641,1.7530646,0.062549,10.0275,-0.7656
305.4143633,-26.4576647,36.3015370,1.7687307,0.062812,10.0084,-0.7638
305.6642932,-26.7023052,36.2504683,1.7844631,0.063092,9.9893,-0.7615
305.9142232,-26.9461375,36.1955422,1.8002692,0.063388,9.9702,-0.7588
306.1641531,-27.1890401,36.1367671,1.8161496,0.063701,9.9512,-0.7556
306.4140830,-27.4310063,36.0741245,1.8321126,0.064033,9.9322,-0.7519
306.6640129,-27.6719076,36.0076264,1.8481585,0.064382,9.9132,-0.7477
306.9139428,-27.9117401,35.9372510,1.8642963,0.064751,9.8944,-0.7429
307.1638728,-28.1503688,35.8630142,1.8805264,0.065138,9.8756,-0.7376
307.4138027,-28.3877918,35.7848909,1.8968585,0.065548,9.8569,-0.7317
307.6637326,-28.6238675,35.7029010,1.9132929,0.065977,9.8383,-0.7252
307.9136625,-28.8585954,35.6170162,1.9298401,0.066430,9.8199,-0.7181
308.1635924,-29.0918280,35.5272605,1.9465003,0.066903,9.8016,-0.7102
308.4135224,-29.3235650,35.4336021,1.9632848,0.067404,9.7835,-0.7018
308.6634523,-29.5536526,35.3360696,1.9801944,0.067926,9.7655,-0.6925
308.9133822,-29.7820907,35.2346276,1.9972414,0.068480,9.7478,-0.6826
309.1633121,-30.0087190,35.1293094,2.0144265,0.069055,9.7303,-0.6722
309.4132420,-30.2335360,35.0200761,2.0317604,0.069647,9.7130,-0.6613
309.6631720,-30.4563774,34.9069666,2.0492418,0.070259,9.6960,-0.6505
309.9131019,-30.6772388,34.7899404,2.0668786,0.070865,9.6792,-0.6392
310.1630318,-30.8959523,34.6690435,2.0846663,0.071494,9.6627,-0.6276
310.4129617,-31.1125114,34.5442345,2.1026153,0.072128,9.6464,-0.6154
310.6628916,-31.3267446,34.4155666,2.1207224,0.072787,9.6305,-0.6023
310.9128216,-31.5386423,34.2829973,2.1390015,0.073477,9.6148,-0.5885
311.1627515,-31.7480295,34.1465855,2.1574526,0.074192,9.5995,-0.5737
311.4126814,-31.9548909,34.0062876,2.1760903,0.074941,9.5846,-0.5582
311.6626113,-32.1590494,33.8621674,2.1949147,0.075716,9.5700,-0.5416
311.9125413,-32.3604818,33.7141820,2.2139410,0.076528,9.5558,-0.5242
312.1624712,-32.5590103,33.5623991,2.2331701,0.077367,9.5421,-0.5055
312.4124011,-32.7546019,33.4067778,2.2526179,0.078250,9.5289,-0.4860
312.6623310,-32.9470788,33.2473892,2.2722867,0.079163,9.5161,-0.4651
312.9122609,-33.1363966,33.0841960,2.2921927,0.080122,9.5039,-0.4432
313.1621909,-33.3223779,32.9172722,2.3123391,0.081112,9.4922,-0.4194
313.4121208,-33.5049659,32.7465851,2.3327443,0.082169,9.4812,-0.3944
313.6620507,-33.6839827,32.5722113,2.3534149,0.083260,9.4708,-0.3679
313.9119806,-33.8593575,32.3941243,2.3743676,0.084404,9.4611,-0.3403
314.1619105,-34.0309130,32.2124027,2.3956078,0.085583,9.4521,-0.3092
314.4118405,-34.1985630,32.0270295,2.4171594,0.086877,9.4439,-0.2768
314.6617704,-34.3621297,31.8380817,2.4390372,0.088211,9.4366,-0.2414
314.9117003,-34.5215094,31.6455511,2.4612630,0.089645,9.4302,-0.2042
315.1616302,-34.6765170,31.4495215,2.4838514,0.091132,9.4247,-0.1739
315.4115601,-34.8270403,31.2499901,2.5067819,0.092351,9.4201,-0.1422
315.6614901,-34.9729002,31.0470631,2.5300179,0.093608,9.4164,-0.1422
315.9114200,-35.1139988,30.8407668,2.5533995,0.093458,9.4126,-0.1361
316.1613499,-35.2502298,30.6312476,2.5767370,0.093309,9.4090,-0.1301
316.4112798,-35.3815526,30.4185979,2.5999596,0.092508,9.4055,-0.1068
316.6612097,-35.5079171,30.2029805,2.6229822,0.091739,9.4027,-0.0848
316.9111397,-35.6293111,29.9845133,2.6458089,0.090926,9.4004,-0.0619
317.1610696,-35.7457053,29.7633515,2.6684358,0.090149,9.3988,-0.0403
317.4109995,-35.8570898,29.5396192,2.6908695,0.089376,9.3977,-0.0192
317.6609294,-35.9634486,29.3134557,2.7131150,0.088646,9.3972,0.0005
317.9108594,-36.0647707,29.0849916,2.7351834,0.087958,9.3972,0.0188
318.1607893,-36.1610468,28.8543537,2.7570851,0.087310,9.3977,0.0358
318.4107192,-36.2522666,28.6216726,2.7788270,0.086681,9.3987,0.0520
318.6606491,-36.3384257,28.3870661,2.8004168,0.086092,9.4000,0.0670
318.9105790,-36.4195157,28.1506645,2.8218626,0.085531,9.4018,0.0810
319.1605090,-36.4955355,27.9125785,2.8431733,0.085007,9.4040,0.0938
319.4104389,-36.5664789,27.6729357,2.8643554,0.084505,9.4065,0.1059
319.6603688,-36.6323463,27.4318439,2.8854175,0.084043,9.4093,0.1168
319.9102987,-36.6931346,27.1894261,2.9063640,0.083582,9.4124,0.1276
320.1602286,-36.7488468,26.9457871,2.9271996,0.083153,9.4158,0.1373
320.4101586,-36.7994826,26.7010448,2.9479405,0.082829,9.4194,0.1441
320.6600885,-36.8450412,26.4553065,2.9686061,0.082550,9.4232,0.1497
320.9100184,-36.8855274,26.2086764,2.9891295,0.081671,9.4272,0.1712
321.1599483,-36.9209695,25.9612817,3.0094335,0.080817,9.4317,0.1919
321.4098782,-36.9514091,25.7132204,3.0295128,0.079862,9.4368,0.2150
321.6598082,-36.9768925,25.4645939,3.0493530,0.078903,9.4425,0.2380
321.9097381,-36.9974731,25.2155309,3.0688764,0.077326,9.4488,0.2774
322.1596680,-37.0132383,24.9660885,3.0880079,0.075767,9.4562,0.3159
322.4095979,-37.0242817,24.7164128,3.1066864,0.073700,9.4645,0.3678
322.6595279,-37.0307247,24.4665624,3.1248510,0.071661,9.4742,0.4186
322.9094578,-37.0326910,24.2166477,-3.1406675,0.069719,9.4852,0.4664
323.1593877,-37.0303024,23.9667279,-3.1234835,0.067792,9.4975,0.5134
323.4093176,-37.0236798,23.7168962,-3.1067759,0.065913,9.5110,0.5590
323.6592475,-37.0129418,23.4671923,-3.0905344,0.064054,9.5257,0.6038
323.9091775,-36.9982084,23.2177057,-3.0747542,0.062229,9.5415,0.6475
324.1591074,-36.9795957,22.9684660,-3.0594270,0.060422,9.5585,0.6907
324.4090373,-36.9572219,22.7195471,-3.0445456,0.058668,9.5765,0.7323
324.6589672,-36.9311996,22.4709724,-3.0301003,0.056927,9.5956,0.7735
324.9088971,-36.9016445,22.2228026,-3.0160888,0.055200,9.6157,0.8144
325.1588271,-36.8686673,21.9750552,-3.0025070,0.053486,9.6369,0.8549
325.4087570,-36.8323822,21.7277777,-2.9893517,0.051788,9.6590,0.8950
325.6586869,-36.7928986,21.4809852,-2.9766192,0.050102,9.6822,0.9350
325.9086168,-36.7503285,21.2347098,-2.9643070,0.048426,9.7063,0.9747
326.1585467,-36.7047805,20.9889658,-2.9524125,0.046758,9.7313,1.0144
326.4084767,-36.6563638,20.7437709,-2.9409340,0.045097,9.7574,1.0541
326.6584066,-36.6051869,20.4991387,-2.9298699,0.043442,9.7843,1.0938
326.9083365,-36.5513561,20.2550729,-2.9192171,0.041805,9.8122,1.1332
327.1582664,-36.4949794,20.0115884,-2.9089729,0.040174,9.8410,1.1728
327.4081963,-36.4361593,19.7686753,-2.8991376,0.038529,9.8708,1.2130
327.6581263,-36.3750049,19.5263479,-2.8897133,0.036888,9.9014,1.2535
327.9080562,-36.3116193,19.2845855,-2.8807323,0.034969,9.9330,1.3025
328.1579861,-36.2461256,19.0433948,-2.8722337,0.033041,9.9658,1.3523
328.4079160,-36.1786402,18.8027440,-2.8642222,0.031066,9.9996,1.4040
328.6578460,-36.1092912,18.5626337,-2.8567047,0.029092,10.0346,1.4562
328.9077759,-36.0381949,18.3230242,-2.8496774,0.027143,10.0708,1.5082
329.1577058,-35.9654780,18.0839126,-2.8431371,0.025195,10.1082,1.5607
329.4076357,-35.8912539,17.8452540,-2.8370846,0.023237,10.1467,1.6143
329.6575656,-35.8156478,17.6070395,-2.8315217,0.021279,10.1864,1.6685
329.9074956,-35.7387733,17.3692223,-2.8264475,0.019326,10.2273,1.7234
330.1574255,-35.6607534,17.1317864,-2.8218616,0.017373,10.2693,1.7790
330.4073554,-35.5817012,16.8946853,-2.8177636,0.015419,10.3125,1.8355
330.6572853,-35.5017375,16.6578956,-2.8141541,0.013465,10.3569,1.8929
330.9072152,-35.4209761,16.4213726,-2.8110325,0.011514,10.4025,1.9512
331.1571452,-35.3395353,16.1850854,-2.8083987,0.009562,10.4492,2.0104
331.4070751,-35.2575296,15.9489924,-2.8062525,0.007613,10.4972,2.0706
331.6570050,-35.1750747,15.7130556,-2.8045934,0.005663,10.5464,0.8221
331.9069349,-35.0922865,15.4772374,-2.8034212,0.003717,10.5659,-2.5541
332.1568648,-35.0092781,15.2414931,-2.8027353,0.001772,10.5053,-2.6181
332.4067948,-34.9261669,15.0057899,-2.8025351,-0.000170,10.4428,-2.6043
332.6567247,-34.8430637,14.7700777,-2.8028202,-0.002111,10.3803,-2.5409
332.9066546,-34.7600872,14.5343282,-2.8035899,-0.004048,10.3189,-2.4791
333.1565845,-34.6773466,14.2984873,-2.8048438,-0.005985,10.2587,-2.4190
333.4065144,-34.5949616,14.0625312,-2.8065800,-0.007909,10.1996,-2.3604
333.6564444,-34.5130401,13.8264038,-2.8087971,-0.009832,10.1416,-2.3020
333.9063743,-34.4317025,13.5900849,-2.8114986,-0.011788,10.0847,-2.2449
334.1563042,-34.3510583,13.3535180,-2.8146893,-0.013745,10.0289,-2.1944
334.4062341,-34.2712289,13.1166857,-2.8183479,-0.015525,9.9741,-2.1451
334.6561641,-34.1923158,12.8795355,-2.8224497,-0.017297,9.9202,-2.1016
334.9060940,-34.1144304,12.6420566,-2.8269750,-0.018909,9.8671,-2.0593
335.1560239,-34.0376651,12.4042028,-2.8319016,-0.020514,9.8148,-2.0174
335.4059538,-33.9621230,12.1659668,-2.8372307,-0.022133,9.7633,-1.9763
335.6558837,-33.8878978,11.9273094,-2.8429652,-0.023755,9.7126,-1.9360
335.9058137,-33.8150925,11.6882210,-2.8491054,-0.025381,9.6626,-1.8964
336.1557436,-33.7438043,11.4486720,-2.8556524,-0.027009,9.6134,-1.8576
336.4056735,-33.6741351,11.2086489,-2.8626062,-0.028637,9.5650,-1.8195
336.6556034,-33.6061858,10.9681338,-2.8699671,-0.030267,9.5174,-1.7820
336.9055333,-33.5400572,10.7271090,-2.8777361,-0.031903,9.4704,-1.7451
337.1554633,-33.4758538,10.4855694,-2.8859142,-0.033542,9.4243,-1.7088
337.4053932,-33.4136757,10.2434933,-2.8945029,-0.035186,9.3789,-1.6731
337.6553231,-33.3536312,10.0008887,-2.9035027,-0.036835,9.3342,-1.6378
337.9052530,-33.2958200,9.7577309,-2.9129160,-0.038492,9.2902,-1.6030
338.1551829,-33.2403538,9.5140411,-2.9227437,-0.040154,9.2470,-1.5685
338.4051129,-33.1873328,9.2697925,-2.9329887,-0.041827,9.2045,-1.5345
338.6550428,-33.1368715,9.0250192,-2.9436521,-0.043507,9.1627,-1.5006
338.9049727,-33.0890714,8.7796945,-2.9547378,-0.045202,9.1217,-1.4671
339.1549026,-33.0440493,8.5338639,-2.9662473,-0.046905,9.0814,-1.4337
339.4048325,-33.0019089,8.2875035,-2.9781853,-0.048624,9.0419,-1.4007
339.6547625,-32.9627687,8.0406690,-2.9905534,-0.050353,9.0031,-1.3674
339.9046924,-32.9267352,7.7933419,-3.0033577,-0.052109,8.9650,-1.3344
340.1546223,-32.8939285,7.5455864,-3.0166013,-0.053875,8.9278,-1.3013
340.4045522,-32.8644586,7.2973928,-3.0302902,-0.055666,8.8912,-1.2683
340.6544822,-32.8384464,7.0488315,-3.0444272,-0.057468,8.8555,-1.2349
340.9044121,-32.8160056,6.7999056,-3.0590205,-0.059311,8.8206,-1.2014
341.1543420,-32.7972584,6.5506900,-3.0740754,-0.061168,8.7865,-1.1649
341.4042719,-32.7823237,6.3012033,-3.0896128,-0.063174,8.7533,-1.1283
341.6542018,-32.7713304,6.0515240,-3.1056546,-0.065202,8.7210,-1.0915
341.9041318,-32.7644071,5.8016892,-3.1222068,-0.067254,8.6897,-1.0546
342.1540617,-32.7616841,5.5517809,-3.1392737,-0.069324,8.6593,-1.0175
342.4039916,-32.7632914,5.3018581,3.1263246,-0.071415,8.6299,-0.9802
342.6539215,-32.7693590,5.0520067,3.1082126,-0.073526,8.6015,-0.9423
342.9038514,-32.7800169,4.8023086,3.0895686,-0.075674,8.5740,-0.9040
343.1537814,-32.7953954,4.5528553,3.0703841,-0.077848,8.5476,-0.8650
343.4037113,-32.8156242,4.3037525,3.0506517,-0.080063,8.5223,-0.8254
343.6536412,-32.8408339,4.0550986,3.0303612,-0.082309,8.4981,-0.7849
343.9035711,-32.8711523,3.8070239,3.0095044,-0.084603,8.4750,-0.7436
344.1535010,-32.9067107,3.5596363,2.9880683,-0.086934,8.4530,-0.7010
344.4034310,-32.9476339,3.3130909,2.9660440,-0.089323,8.4322,-0.6575
344.6533609,-32.9940529,3.0675085,2.9434156,-0.091756,8.4127,-0.6122
344.9032908,-33.0460886,2.8230693,2.9201714,-0.094267,8.3945,-0.5656
345.1532207,-33.1038721,2.5799088,2.8962913,-0.096828,8.3777,-0.5175
345.4031507,-33.1675194,2.3382317,2.8717659,-0.099448,8.3622,-0.4677
345.6530806,-33.2371571,2.0981993,2.8465752,-0.102139,8.3482,-0.4131
345.9030105,-33.3128947,1.8600409,2.8206886,-0.105037,8.3358,-0.3569
346.1529404,-33.3948653,1.6239314,2.7940677,-0.107985,8.3251,-0.2974
346.4028703,-33.4831722,1.3901366,2.7666983,-0.111062,8.3162,-0.2343
346.6528003,-33.5779394,1.1588712,2.7385407,-0.114277,8.3092,-0.1742
346.9027302,-33.6792741,0.9303976,2.7096001,-0.117308,8.3039,-0.1105
347.1526601,-33.7872499,0.7050213,2.6798912,-0.120465,8.3006,-0.1105
347.4025900,-33.9019348,0.4829538,2.6499330,-0.119048,8.2973,-0.0790
347.6525199,-34.0231634,0.2644186,2.6203787,-0.117479,8.2949,-0.0450
347.9024499,-34.1507463,0.0495027,2.5915237,-0.113306,8.2935,0.0422
348.1523798,-34.2843526,-0.1616963,2.5637328,-0.109115,8.2948,0.1284
348.4023097,-34.4236823,-0.3692042,2.5370459,-0.104403,8.2987,0.2239
348.6522396,-34.5683544,-0.5729715,2.5115392,-0.099739,8.3054,0.3171
348.9021695,-34.7180901,-0.7731030,2.4871441,-0.095479,8.3149,0.4008
349.1520995,-34.8725305,-0.9695688,2.4638097,-0.091274,8.3270,0.4825
349.4020294,-35.0314420,-1.1624966,2.4415161,-0.087114,8.3415,0.5627
349.6519593,-35.1944863,-1.3518842,2.4202612,-0.082997,8.3583,0.6415
349.9018892,-35.3614505,-1.5378776,2.4000170,-0.078995,8.3775,0.7176
350.1518191,-35.5320325,-1.7205155,2.3807748,-0.074997,8.3988,0.7934
350.4017491,-35.7060251,-1.8999416,2.3625248,-0.071044,8.4224,0.8683
350.6516790,-35.8831650,-2.0762391,2.3452606,-0.067118,8.4481,0.9427
350.9016089,-36.0632466,-2.2495489,2.3289704,-0.063239,8.4760,1.0163
351.1515388,-36.2460386,-2.4199852,2.3136500,-0.059362,8.5059,1.0903
351.4014688,-36.4313392,-2.5876905,2.2992914,-0.055544,8.5379,1.1635
351.6513987,-36.6189576,-2.7528139,2.2858855,-0.051733,8.5719,1.2372
351.9013286,-36.8086827,-2.9154866,2.2734278,-0.047962,8.6079,1.3108
352.1512585,-37.0003629,-3.0758892,2.2619111,-0.044194,8.6458,1.3851
352.4011884,-37.1937799,-3.2341462,2.2513402,-0.040403,8.6858,1.4609
352.6511184,-37.3888132,-3.3904646,2.2417148,-0.036617,8.7277,1.5377
352.9010483,-37.5852374,-3.5449642,2.2330127,-0.033030,8.7716,1.6111
353.1509782,-37.7829683,-3.6978665,2.2252047,-0.029446,8.8174,1.6857
353.4009081,-37.9817790,-3.8492729,2.2182343,-0.026346,8.8651,1.7503
353.6508380,-38.1816308,-3.9994032,2.2120352,-0.023255,8.9143,1.8159
353.9007680,-38.3823055,-4.1483342,2.2066007,-0.020239,8.9651,1.8811
354.1506979,-38.5837765,-4.2962815,2.2019181,-0.017230,9.0174,1.9476
354.4006278,-38.7858416,-4.4433312,2.1980003,-0.014123,9.0712,2.0180
354.6505577,-38.9884603,-4.5896926,2.1948581,-0.011020,9.1266,2.0899
354.9004876,-39.1914515,-4.7354728,2.1924808,-0.008006,9.1837,2.1614
355.1504176,-39.3947590,-4.8808644,2.1908560,-0.004996,9.2423,2.2097
355.4003475,-39.5982308,-5.0259905,2.1899894,-0.001939,9.3019,-2.5882
355.6502774,-39.8017816,-5.1710241,2.1898866,0.001116,9.2320,-2.5298
355.9002073,-40.0052920,-5.3161143,2.1905445,0.004148,9.1633,-2.4537
356.1501372,-40.2086433,-5.4614093,2.1919603,0.007181,9.0961,-2.3796
356.4000672,-40.4117505,-5.6070813,2.1941358,0.010228,9.0305,-2.3074
356.6499971,-40.6144591,-5.7532537,2.1970728,0.013278,8.9664,-2.2373
356.8999270,-40.8167146,-5.9001220,2.2007727,0.016328,8.9038,-2.1689
357.1498569,-41.0183282,-6.0477844,2.2052347,0.019383,8.8428,-2.1020
357.3997869,-41.2192711,-6.1964568,2.2104634,0.022454,8.7831,-2.0366
357.6497168,-41.4193231,-6.3462145,2.2164590,0.025532,8.7250,-1.9729
357.8996467,-41.6184726,-6.4972893,2.2232265,0.028615,8.6683,-1.9105
358.1495766,-41.8164749,-6.6497370,2.2307632,0.031706,8.6130,-1.8490
358.3995065,-42.0133243,-6.8037973,2.2390783,0.034825,8.5592,-1.7889
358.6494365,-42.2087636,-6.9595158,2.2481711,0.037950,8.5068,-1.7291
358.8993664,-42.4027775,-7.1171307,2.2580532,0.041119,8.4559,-1.6705
359.1492963,-42.5951014,-7.2766812,2.2687253,0.044297,8.4063,-1.6154
359.3992262,-42.7857031,-7.4383971,2.2801815,0.047366,8.3582,-1.5613
359.6491561,-42.9743265,-7.6023140,2.2924019,0.050440,8.3114,-1.4987
359.8990861,-43.1609001,-7.7686301,2.3054511,0.053976,8.2662,-1.4373
360.1490160,-43.3451931,-7.9374296,2.3193814,0.057510,8.2226,-1.3617
360.3989459,-43.5270427,-8.1088723,2.3342891,0.061789,8.1811,-1.2871
360.6488758,-43.7062282,-8.2831076,2.3502678,0.066074,8.1417,-1.2138
360.8988057,-43.8824988,-8.4602644,2.3673133,0.070338,8.1043,-1.1413
361.1487357,-44.0556482,-8.6405134,2.3854270,0.074606,8.0691,-1.0673
361.3986656,-44.2253766,-8.8239282,2.4046175,0.078981,8.0359,-0.9937
361.6485955,-44.3914888,-9.0106995,2.4249074,0.083368,8.0050,-0.9181
361.8985254,-44.5536311,-9.2008427,2.4463032,0.087877,7.9763,-0.8420
362.1484553,-44.7116032,-9.3945560,2.4688362,0.092423,7.9498,-0.7615
362.3983853,-44.8650096,-9.5918063,2.4925283,0.097206,7.9259,-0.6803
362.6483152,-45.0136283,-9.7927919,2.5174283,0.102019,7.9044,-0.5979
362.8982451,-45.1570322,-9.9974410,2.5435279,0.106884,7.8855,-0.5123
363.1481750,-45.2949532,-10.2059011,2.5708661,0.111892,7.8692,-0.4139
363.3981050,-45.4269651,-10.4181050,2.5995335,0.117542,7.8560,-0.3134
363.6480349,-45.5526923,-10.6341058,2.6296321,0.123249,7.8461,-0.2430
363.8979648,-45.6717131,-10.8538525,2.6609371,0.127287,7.8383,-0.1734
364.1478947,-45.7836926,-11.0772914,2.6932625,0.131223,7.8328,-0.1690
364.3978246,-45.8883044,-11.3042428,2.7261051,0.131640,7.8274,-0.1614
364.6477546,-45.9854077,-11.5345473,2.7590790,0.132217,7.8222,-0.1572
364.8976845,-46.0748444,-11.7679160,2.7921689,0.132608,7.8172,-0.1485
365.1476144,-46.1564972,-12.0041183,2.8253811,0.133234,7.8125,-0.1223
365.3975443,-46.2302290,-12.2428972,2.8588721,0.134791,7.8086,-0.0977
365.6474742,-46.2958830,-12.4840484,2.8927583,0.136234,7.8054,-0.0977
365.8974042,-46.3533013,-12.7272229,2.9266228,0.134835,7.8023,-0.0700
366.1473341,-46.4025155,-12.9723048,2.9601651,0.133541,7.8001,-0.0448
366.3972640,-46.4435030,-13.2187786,2.9934033,0.132533,7.7986,-0.0254
366.6471939,-46.4763204,-13.4665964,3.0264289,0.131767,7.7978,-0.0108
366.8971238,-46.5009363,-13.7152644,3.0594495,0.132545,7.7975,-0.0249
367.1470538,-46.5173063,-13.9646839,3.0927001,0.133428,7.7967,-0.0405
367.3969837,-46.5253751,-14.2144544,3.1258252,0.131693,7.7954,-0.0079
367.6469136,-46.5252192,-14.4643925,-3.1246425,0.130051,7.7951,0.0223
367.8968435,-46.5169662,-14.7141749,-3.0926573,0.125931,7.7958,0.0973
368.1467734,-46.5008558,-14.9635777,-3.0616793,0.121994,7.7989,0.1675
368.3967034,-46.4771450,-15.2124039,-3.0316537,0.118274,7.8043,0.2325
368.6466333,-46.4460974,-15.4603567,-3.0025442,0.114728,7.8118,0.2934
368.8965632,-46.4079412,-15.7073954,-2.9742987,0.111264,7.8211,0.3519
369.1464931,-46.3629473,-15.9531866,-2.9469228,0.107858,7.8324,0.4086
369.3964231,-46.3113240,-16.1977682,-2.9203688,0.104606,7.8454,0.4620
369.6463530,-46.2533462,-16.4408246,-2.8946268,0.101443,7.8601,0.5132
369.8962829,-46.1891986,-16.6824319,-2.8696549,0.098352,7.8764,0.5627
370.1462128,-46.1191621,-16.9222851,-2.8454599,0.095312,7.8942,0.6110
370.3961427,-46.0434009,-17.1605051,-2.8220247,0.092187,7.9136,0.6607
370.6460727,-45.9622056,-17.3968170,-2.7993762,0.089100,7.9344,0.7095
370.8960026,-45.8757327,-17.6313535,-2.7774621,0.086232,7.9567,0.7541
371.1459325,-45.7842583,-17.8638886,-2.7562708,0.083395,7.9804,0.7981
371.3958624,-45.6879185,-18.0945305,-2.7356380,0.081695,8.0053,0.8203
371.6457923,-45.5869130,-18.3231052,-2.7154347,0.079997,8.0309,0.8425
371.8957223,-45.4813403,-18.5496531,-2.6956523,0.078301,8.0571,0.8649
372.1456522,-45.3713662,-18.7740679,-2.6762937,0.076627,8.0839,0.8869
372.3955821,-45.2571063,-18.9963477,-2.6573256,0.075161,8.1112,0.9050
372.6455120,-45.1386924,-19.2164399,-2.6387234,0.073701,8.1391,0.9232
372.8954419,-45.0162484,-19.4343069,-2.6204829,0.072272,8.1674,0.9409
373.1453719,-44.8898799,-19.6499427,-2.6025963,0.070861,8.1961,0.9585
373.3953018,-44.7597247,-19.8632858,-2.5850572,0.069502,8.2253,0.9752
373.6452317,-44.6258670,-20.0743618,-2.5678538,0.068158,8.2549,0.9918
373.8951616,-44.4884525,-20.2830975,-2.5509851,0.066843,8.2848,1.0080
374.1450916,-44.3475473,-20.4895419,-2.5344404,0.065545,8.3152,1.0241
374.3950215,-44.2033036,-20.6936156,-2.5182188,0.064278,8.3459,1.0397
374.6449514,-44.0557735,-20.8953822,-2.5023092,0.063027,8.3770,1.0553
374.8948813,-43.9051110,-21.0947633,-2.4867114,0.061804,8.4084,1.0704
375.1448112,-43.7513579,-21.2918304,-2.4714143,0.060598,8.4402,1.0855
375.3947412,-43.5946666,-21.4865104,-2.4564180,0.059419,8.4723,1.1002
375.6446711,-43.4350724,-21.6788771,-2.4417120,0.058255,8.5046,1.1149
375.8946010,-43.2727224,-21.8688666,-2.4272955,0.057121,8.5373,1.1291
376.1445309,-43.1076491,-22.0565505,-2.4131582,0.056003,8.5703,1.1432
376.3944608,-42.9399910,-22.2418767,-2.3993000,0.054904,8.6036,1.1571
376.6443908,-42.7697810,-22.4249113,-2.3857125,0.053821,8.6372,1.1710
376.8943207,-42.5971464,-22.6056165,-2.3723941,0.052764,8.6710,1.1845
377.1442506,-42.4221238,-22.7840497,-2.3593365,0.051723,8.7051,1.1979
377.3941805,-42.2448261,-22.9601881,-2.3465338,0.050733,8.7394,1.2104
377.6441104,-42.0652949,-23.1340783,-2.3339762,0.049745,8.7739,1.2231
377.8940404,-41.8836290,-23.3057136,-2.3216973,0.048518,8.8087,1.2416
378.1439703,-41.6998861,-23.4751419,-2.3097231,0.047290,8.8439,1.2605
378.3939002,-41.5141624,-23.6423827,-2.2980962,0.045754,8.8794,1.2870
378.6438301,-41.3265337,-23.8074929,-2.2868517,0.044231,8.9156,1.3135
378.8937600,-41.1370932,-23.9705159,-2.2759740,0.042816,8.9523,1.3379
379.1436900,-40.9459184,-24.1315030,-2.2654492,0.041406,8.9896,1.3625
379.3936199,-40.7530870,-24.2905041,-2.2552793,0.039976,9.0274,1.3880
379.6435498,-40.5586791,-24.4475685,-2.2454662,0.038551,9.0657,1.4138
379.8934797,-40.3627631,-24.6027556,-2.2360088,0.037129,9.1046,1.4400
380.1434097,-40.1654205,-24.7561141,-2.2269068,0.035709,9.1441,1.4666
380.3933396,-39.9667110,-24.9077099,-2.2181592,0.034291,9.1841,1.4935
380.6432695,-39.7667164,-25.0575920,-2.2097660,0.032875,9.2246,1.5209
380.8931994,-39.5654896,-25.2058314,-2.2017269,0.031455,9.2657,1.5489
381.1431293,-39.3631117,-25.3524784,-2.1940427,0.030037,9.3074,1.5773
381.3930593,-39.1596303,-25.4976081,-2.1867129,0.028616,9.3497,1.6063
381.6429892,-38.9551246,-25.6412727,-2.1797385,0.027196,9.3925,1.6358
381.8929191,-38.7496385,-25.7835500,-2.1731192,0.025772,9.4359,1.6660
382.1428490,-38.5432489,-25.9244948,-2.1668561,0.024348,9.4800,1.6968
382.3927789,-38.3359969,-26.0641869,-2.1609492,0.022919,9.5246,1.7282
382.6427089,-38.1279564,-26.2026841,-2.1553995,0.021491,9.5698,1.7603
382.8926388,-37.9191671,-26.3400670,-2.1502073,0.020058,9.6157,1.7931
383.1425687,-37.7096992,-26.4763967,-2.1453735,0.018624,9.6622,1.8266
383.3924986,-37.4995920,-26.6117545,-2.1408984,0.017186,9.7093,1.8608
383.6424285,-37.2889117,-26.7462045,-2.1367830,0.015747,9.7571,1.8958
383.8923585,-37.0776982,-26.8798280,-2.1330278,0.014303,9.8056,1.9316
384.1422884,-36.8660135,-27.0126924,-2.1296336,0.012859,9.8547,1.9681
384.3922183,-36.6538985,-27.1448786,-2.1266006,0.011411,9.9045,2.0055
384.6421482,-36.4414109,-27.2764571,-2.1239297,0.009962,9.9549,2.0437
384.8920781,-36.2285935,-27.4075085,-2.1216278,0.008458,10.0061,2.0844
385.1420081,-36.0155022,-27.5381081,-2.1197019,0.006956,10.0580,2.1258
385.3919380,-35.8021812,-27.6683374,-2.1181345,0.005586,10.1107,2.1640
385.6418679,-35.5886805,-27.7982675,-2.1169097,0.004232,10.1641,2.2026
385.8917978,-35.3750372,-27.9279651,-2.1159153,0.003726,10.2181,2.2154
386.1417278,-35.1612731,-28.0574637,-2.1150475,0.003209,10.2721,2.2288
386.3916577,-34.9474084,-28.1867951,-2.1143753,0.002171,10.3262,2.2593
386.6415876,-34.7334727,-28.3160109,-2.1139623,0.001146,10.3808,2.2900
386.8915175,-34.5194971,-28.4451595,-2.1137217,0.000780,10.4357,2.2998
387.1414474,-34.3054962,-28.5742665,-2.1135726,0.000418,10.4907,2.3096
387.3913774,-34.0914805,-28.7033489,-2.1134821,0.000306,10.5456,2.3114
387.6413073,-33.8774550,-28.8324150,-2.1134195,0.000196,10.6002,2.3132
387.8912372,-33.6634227,-28.9614697,-2.1133731,0.000175,10.6546,2.3119
388.1411671,-33.4493847,-29.0905152,-2.1133319,0.000155,10.7087,2.3107
388.3910970,-33.2353417,-29.2195521,-2.1132932,0.000154,10.7625,2.3088
388.6410270,-33.0212936,-29.3485808,-2.1132547,0.000154,10.8160,2.3070
388.8909569,-32.8072407,-29.4776013,-2.1132164,0.000153,10.8692,2.3051
389.1408868,-32.5931827,-29.6066136,-2.1131782,0.000152,10.9220,2.3032
389.3908167,-32.3791199,-29.7356177,-2.1131403,0.000152,10.9746,2.3013
389.6407466,-32.1650522,-29.8646137,-2.1131025,0.000151,11.0269,2.2995
389.8906766,-31.9509796,-29.9936017,-2.1130648,0.000150,11.0789,2.2976
390.1406065,-31.7369021,-30.1225816,-2.1130274,0.000150,11.1306,2.2957
390.3905364,-31.5228199,-30.2515535,-2.1129901,0.000149,11.1820,2.2939
390.6404663,-31.3087328,-30.3805175,-2.1129530,0.000148,11.2332,2.2920
390.8903962,-31.0946410,-30.5094735,-2.1129161,0.000147,11.2841,2.2901
391.1403262,-30.8805445,-30.6384216,-2.1128793,0.000147,11.3347,2.2883
391.3902561,-30.6664432,-30.7673619,-2.1128427,0.000146,11.3850,2.2864
391.6401860,-30.4523371,-30.8962944,-2.1128063,0.000145,11.4351,2.2846
391.8901159,-30.2382264,-31.0252191,-2.1127700,0.000145,11.4849,2.2827
392.1400459,-30.0241111,-31.1541360,-2.1127340,0.000144,11.5345,2.2808
392.3899758,-29.8099911,-31.2830453,-2.1126981,0.000143,11.5838,2.2790
392.6399057,-29.5958665,-31.4119469,-2.1126624,0.000143,11.6329,2.2771
392.8898356,-29.3817373,-31.5408408,-2.1126268,0.000142,11.6817,2.2753
393.1397655,-29.1676035,-31.6697272,-2.1125914,0.000141,11.7303,2.2735
393.3896955,-28.9534652,-31.7986060,-2.1125562,0.000140,11.7786,2.2716
393.6396254,-28.7393224,-31.9274772,-2.1125212,0.000140,11.8267,2.2698
393.8895553,-28.5251750,-32.0563410,-2.1124863,0.000139,11.8746,2.2679
394.1394852,-28.3110232,-32.1851974,-2.1124517,0.000138,11.9222,2.2661
394.3894151,-28.0968669,-32.3140463,-2.1124171,0.000138,11.9696,2.2643
394.6393451,-27.8827062,-32.4428879,-2.1123828,0.000137,12.0168,2.2624
394.8892750,-27.6685410,-32.5717221,-2.1123486,0.000136,12.0638,2.2606
395.1392049,-27.4543715,-32.7005491,-2.1123147,0.000136,12.1105,2.2588
395.3891348,-27.2401976,-32.8293688,-2.1122808,0.000135,12.1571,2.2570
395.6390647,-27.0260194,-32.9581812,-2.1122472,0.000134,12.2034,2.2551
395.8889947,-26.8118368,-33.0869865,-2.1122137,0.000134,12.2495,2.2533
396.1389246,-26.5976499,-33.2157846,-2.1121804,0.000133,12.2954,2.2515
396.3888545,-26.3834588,-33.3445756,-2.1121473,0.000132,12.3410,2.2497
396.6387844,-26.1692634,-33.4733595,-2.1121143,0.000131,12.3865,2.2479
396.8887144,-25.9550638,-33.6021364,-2.1120816,0.000131,12.4318,2.2460
397.1386443,-25.7408599,-33.7309062,-2.1120489,0.000130,12.4769,2.2442
397.3885742,-25.5266519,-33.8596692,-2.1120165,0.000129,12.5217,2.2424
397.6385041,-25.3124397,-33.9884251,-2.1119843,0.000129,12.5664,2.2406
397.8884340,-25.0982234,-34.1171742,-2.1119522,0.000128,12.6109,2.2388
398.1383640,-24.8840029,-34.2459165,-2.1119202,0.000127,12.6552,2.2370
398.3882939,-24.6697784,-34.3746519,-2.1118885,0.000127,12.6993,2.2352
398.6382238,-24.4555498,-34.5033805,-2.1118569,0.000126,12.7432,2.2334
398.8881537,-24.2413171,-34.6321024,-2.1118255,0.000125,12.7869,2.2316
399.1380836,-24.0270804,-34.7608176,-2.1117943,0.000125,12.8305,2.2298
399.3880136,-23.8128396,-34.8895261,-2.1117632,0.000124,12.8738,2.2280
399.6379435,-23.5985949,-35.0182279,-2.1117324,0.000123,12.9170,2.2262
399.8878734,-23.3843463,-35.1469232,-2.1117016,0.000122,12.9600,2.2244
400.1378033,-23.1700937,-35.2756119,-2.1116711,0.000122,13.0028,2.2226
400.3877332,-22.9558371,-35.4042941,-2.1116407,0.000121,13.0455,2.2208
400.6376632,-22.7415767,-35.5329698,-2.1116105,0.000121,13.0880,2.2191
400.8875931,-22.5273124,-35.6616391,-2.1115805,0.000120,13.1303,2.2173
401.1375230,-22.3130443,-35.7903019,-2.1115507,0.000119,13.1724,2.2155
401.3874529,-22.0987723,-35.9189583,-2.1115210,0.000118,13.2144,2.2137
401.6373828,-21.8844965,-36.0476084,-2.1114915,0.000118,13.2562,2.2119
401.8873128,-21.6702169,-36.1762522,-2.1114621,0.000117,13.2978,2.2102
402.1372427,-21.4559336,-36.3048898,-2.1114330,0.000116,13.3393,2.2084
402.3871726,-21.2416465,-36.4335211,-2.1114040,0.000116,13.3806,2.2066
402.6371025,-21.0273557,-36.5621462,-2.1113751,0.000115,13.4218,2.2048
402.8870325,-20.8130612,-36.6907652,-2.1113465,0.000114,13.4628,2.2031
403.1369624,-20.5987630,-36.8193780,-2.1113180,0.000114,13.5036,2.2013
403.3868923,-20.3844612,-36.9479847,-2.1112897,0.000113,13.5443,2.1995
403.6368222,-20.1701557,-37.0765854,-2.1112616,0.000112,13.5848,2.1978
403.8867521,-19.9558467,-37.2051801,-2.1112336,0.000112,13.6252,2.1960
404.1366821,-19.7415340,-37.3337688,-2.1112058,0.000111,13.6654,2.1943
404.3866120,-19.5272178,-37.4623516,-2.1111782,0.000110,13.7055,2.1925
404.6365419,-19.3128981,-37.5909284,-2.1111507,0.000110,13.7454,2.1907
404.8864718,-19.0985748,-37.7194994,-2.1111234,0.000109,13.7852,2.1890
405.1364017,-18.8842480,-37.8480646,-2.1110963,0.000108,13.8248,2.1872
405.3863317,-18.6699178,-37.9766240,-2.1110693,0.000107,13.8643,2.1855
405.6362616,-18.4555841,-38.1051776,-2.1110426,0.000107,13.9036,2.1837
405.8861915,-18.2412470,-38.2337255,-2.1110160,0.000106,13.9428,2.1820
406.1361214,-18.0269064,-38.3622677,-2.1109895,0.000105,13.9819,1.0137
406.3860513,-17.8125625,-38.4908043,-2.1109633,0.000105,14.0000,0.0000
406.6359813,-17.5982152,-38.6193352,-2.1109372,0.000104,14.0000,0.0000
406.8859112,-17.3838646,-38.7478606,-2.1109112,0.000103,14.0000,0.0000
407.1358411,-17.1695106,-38.8763804,-2.1108855,0.000103,14.0000,0.0000
407.3857710,-16.9551534,-39.0048947,-2.1108599,0.000102,14.0000,0.0000
407.6357009,-16.7407929,-39.1334036,-2.1108345,0.000101,14.0000,0.0000
407.8856309,-16.5264291,-39.2619070,-2.1108092,0.000101,14.0000,0.0000
408.1355608,-16.3120621,-39.3904051,-2.1107841,0.000100,14.0000,0.0000
408.3854907,-16.0976918,-39.5188978,-2.1107592,0.000099,14.0000,0.0000
408.6354206,-15.8833184,-39.6473851,-2.1107345,0.000099,14.0000,0.0000
408.8853506,-15.6689418,-39.7758672,-2.1107099,0.000098,14.0000,0.0000
409.1352805,-15.4545621,-39.9043440,-2.1106855,0.000097,14.0000,0.0000
409.3852104,-15.2401792,-40.0328156,-2.1106612,0.000097,14.0000,0.0000
409.6351403,-15.0257932,-40.1612820,-2.1106372,0.000096,14.0000,0.0000
409.8850702,-14.8114042,-40.2897433,-2.1106133,0.000095,14.0000,0.0000
410.1350002,-14.5970121,-40.4181995,-2.1105895,0.000095,14.0000,0.0000
410.3849301,-14.3826169,-40.5466506,-2.1105659,0.000094,14.0000,0.0000
410.6348600,-14.1682188,-40.6750966,-2.1105425,0.000093,14.0000,0.0000
410.8847899,-13.9538176,-40.8035377,-2.1105193,0.000093,14.0000,0.0000
411.1347198,-13.7394135,-40.9319738,-2.1104962,0.000092,14.0000,0.0000
411.3846498,-13.5250064,-41.0604050,-2.1104733,0.000091,14.0000,0.0000
