{
  "mean": [
    -3.622347503551282e-05,
    -4.7494907562395383e-07,
    -3.481137173366733e-05,
    -2.3936604520713445e-06,
    -7.244829612318426e-05,
    -2.7927037081099115e-05,
    -4.8886726290220395e-05,
    -1.928525250605162e-07,
    -3.1945442060532514e-06,
    2.365051841479726e-06,
    1.8522185882829945e-06
  ],
  "cov_inv": [
    [
      1.1286884987285855,
      0.02761257135429068,
      -0.06630396557357165,
      -0.08441366793705705,
      -0.0025375994635208616,
      -0.0011232587393130652,
      -0.27955741981537396,
      -0.0008012255435661687,
      -0.002739000332770218,
      -0.0050978212646418655,
      -0.033043542866325444
    ],
    [
      0.027612571354290665,
      1.1535368585009154,
      0.045300550052850816,
      0.1363346834302017,
      -0.06702122138926007,
      0.12120882535053482,
      -0.035109116562230334,
      0.028897958081670755,
      -0.046797126202675364,
      0.16475189455324968,
      -0.7036439158340387
    ],
    [
      -0.06630396557356964,
      0.04530055005285013,
      48.523877724667265,
      1.8159159840373245,
      -47.6163263093276,
      -0.2980154405171637,
      -0.08386786261114668,
      -2.1315250363003386,
      0.00928254292771211,
      -0.1623477664023229,
      0.41747683803403
    ],
    [
      -0.08441366793705374,
      0.13633468343020652,
      1.8159159840374572,
      116.09422904628357,
      -2.026059226553666,
      0.2100885866665303,
      0.00012758406569400677,
      -106.99512379282544,
      -5.2101354862311124,
      -2.073152537818971,
      -1.4034874038572402
    ],
    [
      -0.002537599463513679,
      -0.06702122138925927,
      -47.61632630932786,
      -2.0260592265536284,
      95.2660920536202,
      -47.3417384818308,
      -0.2997652323006166,
      4.130800869794289,
      -2.122666431209527,
      0.18784797243661633,
      -0.14900009878605364
    ],
    [
      -0.0011232587393164592,
      0.12120882535053393,
      -0.2980154405167545,
      0.2100885866666209,
      -47.34173848183147,
      95.30582185724042,
      -47.6507345281836,
      -2.196518512645724,
      4.119096024355884,
      -2.134586934897221,
      -0.04421888393769209
    ],
    [
      -0.2795574198153711,
      -0.03510911656223011,
      -0.08386786261131109,
      0.00012758406569860455,
      -0.2997652323001972,
      -47.65073452818386,
      48.62598913818152,
      0.19165302204387763,
      -2.0153837703773316,
      2.128221565653749,
      -0.3297070020982402
    ],
    [
      -0.0008012255435656155,
      0.028897958081674523,
      -2.1315250363005624,
      -106.99512379282689,
      4.130800869794275,
      -2.1965185126454156,
      0.1916530220438031,
      214.763588977752,
      -102.29462983814074,
      -3.3350861700848284,
      -2.106996557910279
    ],
    [
      -0.002739000332774491,
      -0.0467971262026687,
      0.009282542927778473,
      -5.21013548622966,
      -2.122666431209401,
      4.119096024355476,
      -2.015383770377112,
      -102.29462983814214,
      215.06139515509236,
      -102.33581689450118,
      -5.175450043326
    ],
    [
      -0.0050978212646360065,
      0.16475189455324746,
      -0.16234776640226034,
      -2.073152537817509,
      0.18784797243642526,
      -2.1345869348968134,
      2.1282215656534658,
      -3.3350861700861225,
      -102.33581689450129,
      214.87950756024938,
      -107.15261789140574
    ],
    [
      -0.033043542866326,
      -0.7036439158340392,
      0.41747683803398833,
      -1.403487403858695,
      -0.1490000987859358,
      -0.04421888393790997,
      -0.3297070020980969,
      -2.106996557908995,
      -5.175450043325868,
      -107.15261789140571,
      116.5517062741477
    ]
  ],
  "d_warn": 5.6839256087382815,
  "d_max": 12.17623312379873
}