{
  "sigma_v": 1.0803687007816047,
  "sigma_psidot": 0.07001745457052427,
  "sigma_steer_cmd": 1.3422241559633976,
  "sigma_throttle_cmd": 0.2089971907156297
}