{
  "mean": [
    3.8694233894348145,
    0.04788755252957344,
    4.569118499755859,
    0.851321816444397,
    4.568946361541748,
    4.568777084350586,
    4.568606376647949,
    0.8503996729850769,
    0.8492521643638611,
    0.8481919765472412,
    0.8471358418464661
  ],
  "std": [
    1.4805134534835815,
    0.3576469123363495,
    1.286541223526001,
    15.19983959197998,
    1.2867465019226074,
    1.2869306802749634,
    1.287204384803772,
    15.19759464263916,
    15.195440292358398,
    15.19322681427002,
    15.19059944152832
  ]
}